,NFL Team,W,L,T,PCT,PF,PA,Net Pts,Home,Road,Div,Pct,Conf,Pct.1,Non-Conf,Strk,Last 5,Year
0,Los Angeles Chargers,1,15,0,0.063,269,440,-171,1 - 7 - 0,0 - 8 - 0,1 - 7 - 0,0.125,1 - 11 - 0,0.083,0 - 4 - 0,4L,1 - 4 - 0,2000
1,Arizona Cardinals,3,13,0,0.188,210,443,-233,3 - 5 - 0,0 - 8 - 0,2 - 6 - 0,0.25,2 - 10 - 0,0.167,1 - 3 - 0,7L,0 - 5 - 0,2000
2,Cleveland Browns,3,13,0,0.188,161,419,-258,2 - 6 - 0,1 - 7 - 0,2 - 8 - 0,0.2,3 - 10 - 0,0.231,0 - 3 - 0,5L,0 - 5 - 0,2000
3,Atlanta Falcons,4,12,0,0.25,252,413,-161,3 - 5 - 0,1 - 7 - 0,3 - 5 - 0,0.375,3 - 9 - 0,0.25,1 - 3 - 0,1W,1 - 4 - 0,2000
4,Cincinnati Bengals,4,12,0,0.25,185,359,-174,3 - 5 - 0,1 - 7 - 0,2 - 8 - 0,0.2,3 - 10 - 0,0.231,1 - 2 - 0,1L,2 - 3 - 0,2000
5,Chicago Bears,5,11,0,0.313,216,355,-139,3 - 5 - 0,2 - 6 - 0,3 - 5 - 0,0.375,3 - 9 - 0,0.25,2 - 2 - 0,1W,2 - 3 - 0,2000
6,Dallas Cowboys,5,11,0,0.313,294,361,-67,3 - 5 - 0,2 - 6 - 0,3 - 5 - 0,0.375,4 - 8 - 0,0.333,1 - 3 - 0,2L,1 - 4 - 0,2000
7,New England Patriots,5,11,0,0.313,276,338,-62,3 - 5 - 0,2 - 6 - 0,2 - 6 - 0,0.25,5 - 7 - 0,0.417,0 - 4 - 0,1L,2 - 3 - 0,2000
8,San Francisco 49ers,6,10,0,0.375,388,422,-34,4 - 4 - 0,2 - 6 - 0,1 - 7 - 0,0.125,4 - 8 - 0,0.333,2 - 2 - 0,1L,3 - 2 - 0,2000
9,Seattle Seahawks,6,10,0,0.375,320,405,-85,3 - 5 - 0,3 - 5 - 0,3 - 5 - 0,0.375,4 - 8 - 0,0.333,2 - 2 - 0,1L,2 - 3 - 0,2000
10,Carolina Panthers,7,9,0,0.438,310,310,0,5 - 3 - 0,2 - 6 - 0,4 - 4 - 0,0.5,5 - 7 - 0,0.417,2 - 2 - 0,1L,3 - 2 - 0,2000
11,Jacksonville Jaguars,7,9,0,0.438,367,327,40,4 - 4 - 0,3 - 5 - 0,5 - 5 - 0,0.5,5 - 7 - 0,0.417,2 - 2 - 0,2L,3 - 2 - 0,2000
12,Kansas City Chiefs,7,9,0,0.438,355,354,1,5 - 3 - 0,2 - 6 - 0,5 - 3 - 0,0.625,5 - 7 - 0,0.417,2 - 2 - 0,1L,2 - 3 - 0,2000
13,Buffalo Bills,8,8,0,0.5,315,350,-35,5 - 3 - 0,3 - 5 - 0,2 - 6 - 0,0.25,6 - 6 - 0,0.5,2 - 2 - 0,1W,1 - 4 - 0,2000
14,Washington Commanders,8,8,0,0.5,281,269,12,4 - 4 - 0,4 - 4 - 0,3 - 5 - 0,0.375,6 - 6 - 0,0.5,2 - 2 - 0,1W,1 - 4 - 0,2000
15,Detroit Lions,9,7,0,0.563,307,307,0,4 - 4 - 0,5 - 3 - 0,3 - 5 - 0,0.375,7 - 5 - 0,0.583,2 - 2 - 0,1L,2 - 3 - 0,2000
16,Green Bay Packers,9,7,0,0.563,353,323,30,6 - 2 - 0,3 - 5 - 0,5 - 3 - 0,0.625,8 - 4 - 0,0.667,1 - 3 - 0,4W,4 - 1 - 0,2000
17,New York Jets,9,7,0,0.563,321,321,0,5 - 3 - 0,4 - 4 - 0,6 - 2 - 0,0.75,6 - 6 - 0,0.5,3 - 1 - 0,3L,2 - 3 - 0,2000
18,Pittsburgh Steelers,9,7,0,0.563,321,255,66,4 - 4 - 0,5 - 3 - 0,5 - 5 - 0,0.5,8 - 5 - 0,0.615,1 - 2 - 0,2W,4 - 1 - 0,2000
19,Indianapolis Colts,10,6,0,0.625,429,326,103,6 - 2 - 0,4 - 4 - 0,5 - 3 - 0,0.625,8 - 4 - 0,0.667,2 - 2 - 0,3W,3 - 2 - 0,2000
20,Los Angeles Rams,10,6,0,0.625,540,471,69,5 - 3 - 0,5 - 3 - 0,5 - 3 - 0,0.625,7 - 5 - 0,0.583,3 - 1 - 0,1W,2 - 3 - 0,2000
21,New Orleans Saints,10,6,0,0.625,354,305,49,3 - 5 - 0,7 - 1 - 0,7 - 1 - 0,0.875,9 - 3 - 0,0.75,1 - 3 - 0,1L,3 - 2 - 0,2000
22,Tampa Bay Buccaneers,10,6,0,0.625,388,269,119,6 - 2 - 0,4 - 4 - 0,4 - 4 - 0,0.5,7 - 5 - 0,0.583,3 - 1 - 0,1L,4 - 1 - 0,2000
23,Denver Broncos,11,5,0,0.688,485,369,116,6 - 2 - 0,5 - 3 - 0,6 - 2 - 0,0.75,8 - 4 - 0,0.667,3 - 1 - 0,1W,4 - 1 - 0,2000
24,Miami Dolphins,11,5,0,0.688,323,226,97,5 - 3 - 0,6 - 2 - 0,5 - 3 - 0,0.625,9 - 3 - 0,0.75,2 - 2 - 0,1W,3 - 2 - 0,2000
25,Minnesota Vikings,11,5,0,0.688,397,371,26,7 - 1 - 0,4 - 4 - 0,5 - 3 - 0,0.625,8 - 4 - 0,0.667,3 - 1 - 0,3L,2 - 3 - 0,2000
26,Philadelphia Eagles,11,5,0,0.688,351,245,106,5 - 3 - 0,6 - 2 - 0,5 - 3 - 0,0.625,8 - 4 - 0,0.667,3 - 1 - 0,2W,4 - 1 - 0,2000
27,Baltimore Ravens,12,4,0,0.75,333,165,168,6 - 2 - 0,6 - 2 - 0,8 - 2 - 0,0.8,10 - 3 - 0,0.769,2 - 1 - 0,7W,5 - 0 - 0,2000
28,Las Vegas Raiders,12,4,0,0.75,479,299,180,7 - 1 - 0,5 - 3 - 0,5 - 3 - 0,0.625,8 - 4 - 0,0.667,4 - 0 - 0,1W,3 - 2 - 0,2000
29,New York Giants,12,4,0,0.75,328,246,82,5 - 3 - 0,7 - 1 - 0,7 - 1 - 0,0.875,9 - 3 - 0,0.75,3 - 1 - 0,5W,5 - 0 - 0,2000
30,Tennessee Titans,13,3,0,0.813,346,191,155,7 - 1 - 0,6 - 2 - 0,8 - 2 - 0,0.8,9 - 3 - 0,0.75,4 - 0 - 0,4W,4 - 1 - 0,2000
31,Carolina Panthers,1,15,0,0.063,253,410,-157,0 - 8 - 0,1 - 7 - 0,0 - 8 - 0,0,1 - 11 - 0,0.083,0 - 4 - 0,15L,0 - 5 - 0,2001
32,Detroit Lions,2,14,0,0.125,270,424,-154,2 - 6 - 0,0 - 8 - 0,1 - 7 - 0,0.125,2 - 10 - 0,0.167,0 - 4 - 0,1W,2 - 3 - 0,2001
33,Buffalo Bills,3,13,0,0.188,265,420,-155,1 - 7 - 0,2 - 6 - 0,1 - 7 - 0,0.125,2 - 10 - 0,0.167,1 - 3 - 0,1L,2 - 3 - 0,2001
34,Dallas Cowboys,5,11,0,0.313,246,338,-92,4 - 4 - 0,1 - 7 - 0,4 - 4 - 0,0.5,5 - 7 - 0,0.417,0 - 4 - 0,1L,2 - 3 - 0,2001
35,Los Angeles Chargers,5,11,0,0.313,332,321,11,4 - 4 - 0,1 - 7 - 0,1 - 7 - 0,0.125,3 - 9 - 0,0.25,2 - 2 - 0,9L,0 - 5 - 0,2001
36,Minnesota Vikings,5,11,0,0.313,290,390,-100,5 - 3 - 0,0 - 8 - 0,3 - 5 - 0,0.375,4 - 8 - 0,0.333,1 - 3 - 0,4L,1 - 4 - 0,2001
37,Cincinnati Bengals,6,10,0,0.375,226,309,-83,4 - 4 - 0,2 - 6 - 0,4 - 6 - 0,0.4,5 - 8 - 0,0.385,1 - 2 - 0,2W,2 - 3 - 0,2001
38,Indianapolis Colts,6,10,0,0.375,413,486,-73,3 - 5 - 0,3 - 5 - 0,3 - 5 - 0,0.375,5 - 7 - 0,0.417,1 - 3 - 0,1W,2 - 3 - 0,2001
39,Jacksonville Jaguars,6,10,0,0.375,294,286,8,3 - 5 - 0,3 - 5 - 0,5 - 5 - 0,0.5,5 - 8 - 0,0.385,1 - 2 - 0,2L,3 - 2 - 0,2001
40,Kansas City Chiefs,6,10,0,0.375,320,344,-24,3 - 5 - 0,3 - 5 - 0,4 - 4 - 0,0.5,5 - 7 - 0,0.417,1 - 3 - 0,1L,3 - 2 - 0,2001
41,Arizona Cardinals,7,9,0,0.438,295,343,-48,3 - 5 - 0,4 - 4 - 0,2 - 6 - 0,0.25,4 - 8 - 0,0.333,3 - 1 - 0,1L,2 - 3 - 0,2001
42,Atlanta Falcons,7,9,0,0.438,291,377,-86,3 - 5 - 0,4 - 4 - 0,3 - 5 - 0,0.375,6 - 6 - 0,0.5,1 - 3 - 0,2L,1 - 4 - 0,2001
43,Cleveland Browns,7,9,0,0.438,285,319,-34,4 - 4 - 0,3 - 5 - 0,5 - 5 - 0,0.5,6 - 7 - 0,0.462,1 - 2 - 0,1L,1 - 4 - 0,2001
44,New Orleans Saints,7,9,0,0.438,333,409,-76,3 - 5 - 0,4 - 4 - 0,4 - 4 - 0,0.5,5 - 7 - 0,0.417,2 - 2 - 0,4L,1 - 4 - 0,2001
45,New York Giants,7,9,0,0.438,294,321,-27,5 - 3 - 0,2 - 6 - 0,4 - 4 - 0,0.5,5 - 7 - 0,0.417,2 - 2 - 0,2L,2 - 3 - 0,2001
46,Tennessee Titans,7,9,0,0.438,336,388,-52,3 - 5 - 0,4 - 4 - 0,3 - 7 - 0,0.3,4 - 8 - 0,0.333,3 - 1 - 0,2L,2 - 3 - 0,2001
47,Denver Broncos,8,8,0,0.5,340,339,1,6 - 2 - 0,2 - 6 - 0,4 - 4 - 0,0.5,5 - 7 - 0,0.417,3 - 1 - 0,1L,2 - 3 - 0,2001
48,Washington Commanders,8,8,0,0.5,256,303,-47,4 - 4 - 0,4 - 4 - 0,4 - 4 - 0,0.5,6 - 6 - 0,0.5,2 - 2 - 0,2W,3 - 2 - 0,2001
49,Seattle Seahawks,9,7,0,0.563,301,324,-23,6 - 2 - 0,3 - 5 - 0,5 - 3 - 0,0.625,8 - 4 - 0,0.667,1 - 3 - 0,2W,3 - 2 - 0,2001
50,Tampa Bay Buccaneers,9,7,0,0.563,324,280,44,5 - 3 - 0,4 - 4 - 0,4 - 4 - 0,0.5,7 - 5 - 0,0.583,2 - 2 - 0,1L,3 - 2 - 0,2001
51,Baltimore Ravens,10,6,0,0.625,303,265,38,6 - 2 - 0,4 - 4 - 0,6 - 4 - 0,0.6,8 - 4 - 0,0.667,2 - 2 - 0,1W,3 - 2 - 0,2001
52,Las Vegas Raiders,10,6,0,0.625,399,327,72,5 - 3 - 0,5 - 3 - 0,6 - 2 - 0,0.75,7 - 5 - 0,0.583,3 - 1 - 0,3L,2 - 3 - 0,2001
53,New York Jets,10,6,0,0.625,308,295,13,3 - 5 - 0,7 - 1 - 0,5 - 3 - 0,0.625,8 - 4 - 0,0.667,2 - 2 - 0,1W,3 - 2 - 0,2001
54,Miami Dolphins,11,5,0,0.688,344,290,54,7 - 1 - 0,4 - 4 - 0,5 - 3 - 0,0.625,9 - 3 - 0,0.75,2 - 2 - 0,2W,3 - 2 - 0,2001
55,New England Patriots,11,5,0,0.688,371,272,99,6 - 2 - 0,5 - 3 - 0,6 - 2 - 0,0.75,8 - 4 - 0,0.667,3 - 1 - 0,6W,5 - 0 - 0,2001
56,Philadelphia Eagles,11,5,0,0.688,343,208,135,4 - 4 - 0,7 - 1 - 0,6 - 2 - 0,0.75,8 - 4 - 0,0.667,3 - 1 - 0,2W,4 - 1 - 0,2001
57,Green Bay Packers,12,4,0,0.75,390,266,124,7 - 1 - 0,5 - 3 - 0,6 - 2 - 0,0.75,9 - 3 - 0,0.75,3 - 1 - 0,3W,4 - 1 - 0,2001
58,San Francisco 49ers,12,4,0,0.75,409,282,127,7 - 1 - 0,5 - 3 - 0,6 - 2 - 0,0.75,8 - 4 - 0,0.667,4 - 0 - 0,1W,3 - 2 - 0,2001
59,Chicago Bears,13,3,0,0.813,338,203,135,7 - 1 - 0,6 - 2 - 0,6 - 2 - 0,0.75,10 - 2 - 0,0.833,3 - 1 - 0,4W,4 - 1 - 0,2001
60,Pittsburgh Steelers,13,3,0,0.813,352,212,140,7 - 1 - 0,6 - 2 - 0,7 - 3 - 0,0.7,10 - 3 - 0,0.769,3 - 0 - 0,1W,4 - 1 - 0,2001
61,Los Angeles Rams,14,2,0,0.875,503,273,230,6 - 2 - 0,8 - 0 - 0,7 - 1 - 0,0.875,10 - 2 - 0,0.833,4 - 0 - 0,6W,5 - 0 - 0,2001
62,Cincinnati Bengals,2,14,0,0.125,279,456,-177,1 - 7 - 0,1 - 7 - 0,0 - 6 - 0,0,1 - 11 - 0,0.083,1 - 3 - 0,1L,1 - 4 - 0,2002
63,Detroit Lions,3,13,0,0.188,306,451,-145,3 - 5 - 0,0 - 8 - 0,1 - 5 - 0,0.167,3 - 9 - 0,0.25,0 - 4 - 0,8L,0 - 5 - 0,2002
64,Chicago Bears,4,12,0,0.25,281,379,-98,3 - 5 - 0,1 - 7 - 0,2 - 4 - 0,0.333,3 - 9 - 0,0.25,1 - 3 - 0,2L,1 - 4 - 0,2002
65,Houston Texans,4,12,0,0.25,213,356,-143,2 - 6 - 0,2 - 6 - 0,1 - 5 - 0,0.167,2 - 10 - 0,0.167,2 - 2 - 0,3L,1 - 4 - 0,2002
66,Arizona Cardinals,5,11,0,0.313,262,417,-155,3 - 5 - 0,2 - 6 - 0,1 - 5 - 0,0.167,5 - 7 - 0,0.417,0 - 4 - 0,3L,1 - 4 - 0,2002
67,Dallas Cowboys,5,11,0,0.313,217,329,-112,4 - 4 - 0,1 - 7 - 0,1 - 5 - 0,0.167,3 - 9 - 0,0.25,2 - 2 - 0,4L,1 - 4 - 0,2002
68,Jacksonville Jaguars,6,10,0,0.375,328,315,13,3 - 5 - 0,3 - 5 - 0,1 - 5 - 0,0.167,4 - 8 - 0,0.333,2 - 2 - 0,2L,1 - 4 - 0,2002
69,Minnesota Vikings,6,10,0,0.375,390,442,-52,4 - 4 - 0,2 - 6 - 0,4 - 2 - 0,0.667,5 - 7 - 0,0.417,1 - 3 - 0,3W,3 - 2 - 0,2002
70,Baltimore Ravens,7,9,0,0.438,316,354,-38,4 - 4 - 0,3 - 5 - 0,3 - 3 - 0,0.5,7 - 5 - 0,0.583,0 - 4 - 0,2L,2 - 3 - 0,2002
71,Carolina Panthers,7,9,0,0.438,258,302,-44,4 - 4 - 0,3 - 5 - 0,1 - 5 - 0,0.167,4 - 8 - 0,0.333,3 - 1 - 0,2W,4 - 1 - 0,2002
72,Los Angeles Rams,7,9,0,0.438,316,369,-53,6 - 2 - 0,1 - 7 - 0,4 - 2 - 0,0.667,5 - 7 - 0,0.417,2 - 2 - 0,1W,2 - 3 - 0,2002
73,Seattle Seahawks,7,9,0,0.438,355,369,-14,3 - 5 - 0,4 - 4 - 0,2 - 4 - 0,0.333,5 - 7 - 0,0.417,2 - 2 - 0,3W,3 - 2 - 0,2002
74,Washington Commanders,7,9,0,0.438,307,365,-58,5 - 3 - 0,2 - 6 - 0,1 - 5 - 0,0.167,4 - 8 - 0,0.333,3 - 1 - 0,2W,2 - 3 - 0,2002
75,Buffalo Bills,8,8,0,0.5,379,397,-18,5 - 3 - 0,3 - 5 - 0,2 - 4 - 0,0.333,5 - 7 - 0,0.417,3 - 1 - 0,1W,3 - 2 - 0,2002
76,Kansas City Chiefs,8,8,0,0.5,467,399,68,6 - 2 - 0,2 - 6 - 0,2 - 4 - 0,0.333,6 - 6 - 0,0.5,2 - 2 - 0,1L,3 - 2 - 0,2002
77,Los Angeles Chargers,8,8,0,0.5,333,367,-34,5 - 3 - 0,3 - 5 - 0,3 - 3 - 0,0.5,6 - 6 - 0,0.5,2 - 2 - 0,4L,1 - 4 - 0,2002
78,Atlanta Falcons,9,6,1,0.594,402,314,88,5 - 3 - 0,4 - 3 - 1,4 - 2 - 0,0.667,7 - 5 - 0,0.583,2 - 1 - 1,1L,2 - 3 - 0,2002
79,Cleveland Browns,9,7,0,0.563,344,320,24,3 - 5 - 0,6 - 2 - 0,3 - 3 - 0,0.5,7 - 5 - 0,0.583,2 - 2 - 0,2W,3 - 2 - 0,2002
80,Denver Broncos,9,7,0,0.563,392,344,48,5 - 3 - 0,4 - 4 - 0,3 - 3 - 0,0.5,5 - 7 - 0,0.417,4 - 0 - 0,1W,2 - 3 - 0,2002
81,Miami Dolphins,9,7,0,0.563,378,301,77,7 - 1 - 0,2 - 6 - 0,2 - 4 - 0,0.333,7 - 5 - 0,0.583,2 - 2 - 0,2L,2 - 3 - 0,2002
82,New England Patriots,9,7,0,0.563,381,346,35,5 - 3 - 0,4 - 4 - 0,4 - 2 - 0,0.667,6 - 6 - 0,0.5,3 - 1 - 0,1W,3 - 2 - 0,2002
83,New Orleans Saints,9,7,0,0.563,432,388,44,4 - 4 - 0,5 - 3 - 0,3 - 3 - 0,0.5,7 - 5 - 0,0.583,2 - 2 - 0,3L,2 - 3 - 0,2002
84,New York Jets,9,7,0,0.563,359,336,23,5 - 3 - 0,4 - 4 - 0,4 - 2 - 0,0.667,6 - 6 - 0,0.5,3 - 1 - 0,2W,3 - 2 - 0,2002
85,Indianapolis Colts,10,6,0,0.625,349,313,36,5 - 3 - 0,5 - 3 - 0,4 - 2 - 0,0.667,8 - 4 - 0,0.667,2 - 2 - 0,1W,3 - 2 - 0,2002
86,New York Giants,10,6,0,0.625,320,279,41,5 - 3 - 0,5 - 3 - 0,5 - 1 - 0,0.833,8 - 4 - 0,0.667,2 - 2 - 0,4W,4 - 1 - 0,2002
87,Pittsburgh Steelers,10,5,1,0.656,390,345,45,5 - 2 - 1,5 - 3 - 0,6 - 0 - 0,1,8 - 4 - 0,0.667,2 - 1 - 1,3W,4 - 1 - 0,2002
88,San Francisco 49ers,10,6,0,0.625,367,351,16,5 - 3 - 0,5 - 3 - 0,5 - 1 - 0,0.833,8 - 4 - 0,0.667,2 - 2 - 0,1L,3 - 2 - 0,2002
89,Las Vegas Raiders,11,5,0,0.688,450,304,146,6 - 2 - 0,5 - 3 - 0,4 - 2 - 0,0.667,9 - 3 - 0,0.75,2 - 2 - 0,2W,4 - 1 - 0,2002
90,Tennessee Titans,11,5,0,0.688,367,324,43,6 - 2 - 0,5 - 3 - 0,6 - 0 - 0,1,9 - 3 - 0,0.75,2 - 2 - 0,5W,5 - 0 - 0,2002
91,Green Bay Packers,12,4,0,0.75,398,328,70,8 - 0 - 0,4 - 4 - 0,5 - 1 - 0,0.833,9 - 3 - 0,0.75,3 - 1 - 0,1L,4 - 1 - 0,2002
92,Philadelphia Eagles,12,4,0,0.75,415,241,174,7 - 1 - 0,5 - 3 - 0,5 - 1 - 0,0.833,11 - 1 - 0,0.917,1 - 3 - 0,1L,4 - 1 - 0,2002
93,Tampa Bay Buccaneers,12,4,0,0.75,346,196,150,6 - 2 - 0,6 - 2 - 0,4 - 2 - 0,0.667,9 - 3 - 0,0.75,3 - 1 - 0,1W,3 - 2 - 0,2002
94,Arizona Cardinals,4,12,0,0.25,225,452,-227,4 - 4 - 0,0 - 8 - 0,1 - 5 - 0,0.167,3 - 9 - 0,0.25,1 - 3 - 0,1W,1 - 4 - 0,2003
95,Las Vegas Raiders,4,12,0,0.25,270,379,-109,4 - 4 - 0,0 - 8 - 0,1 - 5 - 0,0.167,3 - 9 - 0,0.25,1 - 3 - 0,2L,1 - 4 - 0,2003
96,Los Angeles Chargers,4,12,0,0.25,313,441,-128,2 - 6 - 0,2 - 6 - 0,1 - 5 - 0,0.167,2 - 10 - 0,0.167,2 - 2 - 0,1W,2 - 3 - 0,2003
97,New York Giants,4,12,0,0.25,243,387,-144,1 - 7 - 0,3 - 5 - 0,1 - 5 - 0,0.167,3 - 9 - 0,0.25,1 - 3 - 0,8L,0 - 5 - 0,2003
98,Atlanta Falcons,5,11,0,0.313,299,422,-123,2 - 6 - 0,3 - 5 - 0,2 - 4 - 0,0.333,4 - 8 - 0,0.333,1 - 3 - 0,2W,3 - 2 - 0,2003
99,Cleveland Browns,5,11,0,0.313,254,322,-68,2 - 6 - 0,3 - 5 - 0,2 - 4 - 0,0.333,3 - 9 - 0,0.25,2 - 2 - 0,1W,1 - 4 - 0,2003
100,Detroit Lions,5,11,0,0.313,270,379,-109,5 - 3 - 0,0 - 8 - 0,2 - 4 - 0,0.333,4 - 8 - 0,0.333,1 - 3 - 0,1W,2 - 3 - 0,2003
101,Houston Texans,5,11,0,0.313,255,380,-125,3 - 5 - 0,2 - 6 - 0,1 - 5 - 0,0.167,3 - 9 - 0,0.25,2 - 2 - 0,4L,1 - 4 - 0,2003
102,Jacksonville Jaguars,5,11,0,0.313,276,331,-55,5 - 3 - 0,0 - 8 - 0,2 - 4 - 0,0.333,3 - 9 - 0,0.25,2 - 2 - 0,1L,3 - 2 - 0,2003
103,Washington Commanders,5,11,0,0.313,287,372,-85,3 - 5 - 0,2 - 6 - 0,1 - 5 - 0,0.167,3 - 9 - 0,0.25,2 - 2 - 0,3L,1 - 4 - 0,2003
104,Buffalo Bills,6,10,0,0.375,243,279,-36,4 - 4 - 0,2 - 6 - 0,2 - 4 - 0,0.333,4 - 8 - 0,0.333,2 - 2 - 0,3L,2 - 3 - 0,2003
105,New York Jets,6,10,0,0.375,283,299,-16,4 - 4 - 0,2 - 6 - 0,1 - 5 - 0,0.167,6 - 6 - 0,0.5,0 - 4 - 0,2L,2 - 3 - 0,2003
106,Pittsburgh Steelers,6,10,0,0.375,300,327,-27,4 - 4 - 0,2 - 6 - 0,3 - 3 - 0,0.5,5 - 7 - 0,0.417,1 - 3 - 0,1L,2 - 3 - 0,2003
107,Chicago Bears,7,9,0,0.438,283,346,-63,6 - 2 - 0,1 - 7 - 0,2 - 4 - 0,0.333,4 - 8 - 0,0.333,3 - 1 - 0,1L,3 - 2 - 0,2003
108,San Francisco 49ers,7,9,0,0.438,384,337,47,6 - 2 - 0,1 - 7 - 0,2 - 4 - 0,0.333,6 - 6 - 0,0.5,1 - 3 - 0,1L,2 - 3 - 0,2003
109,Tampa Bay Buccaneers,7,9,0,0.438,301,264,37,3 - 5 - 0,4 - 4 - 0,2 - 4 - 0,0.333,6 - 6 - 0,0.5,1 - 3 - 0,2L,2 - 3 - 0,2003
110,Cincinnati Bengals,8,8,0,0.5,346,384,-38,5 - 3 - 0,3 - 5 - 0,3 - 3 - 0,0.5,6 - 6 - 0,0.5,2 - 2 - 0,2L,2 - 3 - 0,2003
111,New Orleans Saints,8,8,0,0.5,340,326,14,5 - 3 - 0,3 - 5 - 0,3 - 3 - 0,0.5,7 - 5 - 0,0.583,1 - 3 - 0,1W,3 - 2 - 0,2003
112,Minnesota Vikings,9,7,0,0.563,416,353,63,6 - 2 - 0,3 - 5 - 0,4 - 2 - 0,0.667,7 - 5 - 0,0.583,2 - 2 - 0,1L,2 - 3 - 0,2003
113,Baltimore Ravens,10,6,0,0.625,391,281,110,7 - 1 - 0,3 - 5 - 0,4 - 2 - 0,0.667,7 - 5 - 0,0.583,3 - 1 - 0,2W,4 - 1 - 0,2003
114,Dallas Cowboys,10,6,0,0.625,289,260,29,6 - 2 - 0,4 - 4 - 0,5 - 1 - 0,0.833,8 - 4 - 0,0.667,2 - 2 - 0,1L,2 - 3 - 0,2003
115,Denver Broncos,10,6,0,0.625,381,301,80,6 - 2 - 0,4 - 4 - 0,5 - 1 - 0,0.833,9 - 3 - 0,0.75,1 - 3 - 0,1L,4 - 1 - 0,2003
116,Green Bay Packers,10,6,0,0.625,442,307,135,5 - 3 - 0,5 - 3 - 0,4 - 2 - 0,0.667,7 - 5 - 0,0.583,3 - 1 - 0,4W,4 - 1 - 0,2003
117,Miami Dolphins,10,6,0,0.625,311,261,50,4 - 4 - 0,6 - 2 - 0,4 - 2 - 0,0.667,7 - 5 - 0,0.583,3 - 1 - 0,2W,3 - 2 - 0,2003
118,Seattle Seahawks,10,6,0,0.625,404,327,77,8 - 0 - 0,2 - 6 - 0,5 - 1 - 0,0.833,8 - 4 - 0,0.667,2 - 2 - 0,2W,3 - 2 - 0,2003
119,Carolina Panthers,11,5,0,0.688,325,304,21,6 - 2 - 0,5 - 3 - 0,5 - 1 - 0,0.833,9 - 3 - 0,0.75,2 - 2 - 0,3W,3 - 2 - 0,2003
120,Indianapolis Colts,12,4,0,0.75,447,336,111,5 - 3 - 0,7 - 1 - 0,5 - 1 - 0,0.833,9 - 3 - 0,0.75,3 - 1 - 0,1W,3 - 2 - 0,2003
121,Los Angeles Rams,12,4,0,0.75,447,328,119,8 - 0 - 0,4 - 4 - 0,4 - 2 - 0,0.667,8 - 4 - 0,0.667,4 - 0 - 0,1L,4 - 1 - 0,2003
122,Philadelphia Eagles,12,4,0,0.75,374,287,87,5 - 3 - 0,7 - 1 - 0,5 - 1 - 0,0.833,9 - 3 - 0,0.75,3 - 1 - 0,1W,4 - 1 - 0,2003
123,Tennessee Titans,12,4,0,0.75,435,324,111,7 - 1 - 0,5 - 3 - 0,4 - 2 - 0,0.667,8 - 4 - 0,0.667,4 - 0 - 0,3W,3 - 2 - 0,2003
124,Kansas City Chiefs,13,3,0,0.813,484,332,152,8 - 0 - 0,5 - 3 - 0,5 - 1 - 0,0.833,10 - 2 - 0,0.833,3 - 1 - 0,1W,3 - 2 - 0,2003
125,New England Patriots,14,2,0,0.875,348,238,110,8 - 0 - 0,6 - 2 - 0,5 - 1 - 0,0.833,11 - 1 - 0,0.917,3 - 1 - 0,12W,5 - 0 - 0,2003
126,San Francisco 49ers,2,14,0,0.125,259,452,-193,1 - 7 - 0,1 - 7 - 0,2 - 4 - 0,0.333,2 - 10 - 0,0.167,0 - 4 - 0,3L,1 - 4 - 0,2004
127,Cleveland Browns,4,12,0,0.25,276,390,-114,3 - 5 - 0,1 - 7 - 0,2 - 4 - 0,0.333,3 - 9 - 0,0.25,1 - 3 - 0,1W,1 - 4 - 0,2004
128,Miami Dolphins,4,12,0,0.25,275,354,-79,3 - 5 - 0,1 - 7 - 0,1 - 5 - 0,0.167,2 - 10 - 0,0.167,2 - 2 - 0,1L,2 - 3 - 0,2004
129,Chicago Bears,5,11,0,0.313,231,331,-100,2 - 6 - 0,3 - 5 - 0,2 - 4 - 0,0.333,4 - 8 - 0,0.333,1 - 3 - 0,4L,1 - 4 - 0,2004
130,Las Vegas Raiders,5,11,0,0.313,320,442,-122,3 - 5 - 0,2 - 6 - 0,1 - 5 - 0,0.167,3 - 9 - 0,0.25,2 - 2 - 0,2L,1 - 4 - 0,2004
131,Tampa Bay Buccaneers,5,11,0,0.313,301,304,-3,4 - 4 - 0,1 - 7 - 0,2 - 4 - 0,0.333,4 - 8 - 0,0.333,1 - 3 - 0,4L,1 - 4 - 0,2004
132,Tennessee Titans,5,11,0,0.313,344,439,-95,2 - 6 - 0,3 - 5 - 0,1 - 5 - 0,0.167,3 - 9 - 0,0.25,2 - 2 - 0,1W,1 - 4 - 0,2004
133,Arizona Cardinals,6,10,0,0.375,284,322,-38,5 - 3 - 0,1 - 7 - 0,2 - 4 - 0,0.333,5 - 7 - 0,0.417,1 - 3 - 0,1W,2 - 3 - 0,2004
134,Dallas Cowboys,6,10,0,0.375,293,405,-112,4 - 4 - 0,2 - 6 - 0,2 - 4 - 0,0.333,5 - 7 - 0,0.417,1 - 3 - 0,1L,2 - 3 - 0,2004
135,Detroit Lions,6,10,0,0.375,296,350,-54,3 - 5 - 0,3 - 5 - 0,2 - 4 - 0,0.333,5 - 7 - 0,0.417,1 - 3 - 0,1L,2 - 3 - 0,2004
136,New York Giants,6,10,0,0.375,303,347,-44,3 - 5 - 0,3 - 5 - 0,3 - 3 - 0,0.5,5 - 7 - 0,0.417,1 - 3 - 0,1W,1 - 4 - 0,2004
137,Washington Commanders,6,10,0,0.375,240,265,-25,3 - 5 - 0,3 - 5 - 0,1 - 5 - 0,0.167,6 - 6 - 0,0.5,0 - 4 - 0,1W,3 - 2 - 0,2004
138,Carolina Panthers,7,9,0,0.438,355,339,16,3 - 5 - 0,4 - 4 - 0,3 - 3 - 0,0.5,6 - 6 - 0,0.5,1 - 3 - 0,1L,3 - 2 - 0,2004
139,Houston Texans,7,9,0,0.438,309,339,-30,3 - 5 - 0,4 - 4 - 0,4 - 2 - 0,0.667,6 - 6 - 0,0.5,1 - 3 - 0,1L,2 - 3 - 0,2004
140,Kansas City Chiefs,7,9,0,0.438,483,435,48,4 - 4 - 0,3 - 5 - 0,3 - 3 - 0,0.5,6 - 6 - 0,0.5,1 - 3 - 0,1L,4 - 1 - 0,2004
141,Cincinnati Bengals,8,8,0,0.5,374,372,2,5 - 3 - 0,3 - 5 - 0,2 - 4 - 0,0.333,4 - 8 - 0,0.333,4 - 0 - 0,2W,3 - 2 - 0,2004
142,Los Angeles Rams,8,8,0,0.5,319,392,-73,6 - 2 - 0,2 - 6 - 0,5 - 1 - 0,0.833,7 - 5 - 0,0.583,1 - 3 - 0,2W,3 - 2 - 0,2004
143,Minnesota Vikings,8,8,0,0.5,405,395,10,5 - 3 - 0,3 - 5 - 0,3 - 3 - 0,0.5,5 - 7 - 0,0.417,3 - 1 - 0,2L,1 - 4 - 0,2004
144,New Orleans Saints,8,8,0,0.5,348,405,-57,3 - 5 - 0,5 - 3 - 0,3 - 3 - 0,0.5,6 - 6 - 0,0.5,2 - 2 - 0,4W,4 - 1 - 0,2004
145,Baltimore Ravens,9,7,0,0.563,317,268,49,6 - 2 - 0,3 - 5 - 0,3 - 3 - 0,0.5,6 - 6 - 0,0.5,3 - 1 - 0,1W,2 - 3 - 0,2004
146,Buffalo Bills,9,7,0,0.563,395,284,111,5 - 3 - 0,4 - 4 - 0,3 - 3 - 0,0.5,5 - 7 - 0,0.417,4 - 0 - 0,1L,4 - 1 - 0,2004
147,Jacksonville Jaguars,9,7,0,0.563,261,280,-19,4 - 4 - 0,5 - 3 - 0,2 - 4 - 0,0.333,6 - 6 - 0,0.5,3 - 1 - 0,1W,3 - 2 - 0,2004
148,Seattle Seahawks,9,7,0,0.563,371,373,-2,5 - 3 - 0,4 - 4 - 0,3 - 3 - 0,0.5,8 - 4 - 0,0.667,1 - 3 - 0,2W,3 - 2 - 0,2004
149,Denver Broncos,10,6,0,0.625,381,304,77,6 - 2 - 0,4 - 4 - 0,3 - 3 - 0,0.5,7 - 5 - 0,0.583,3 - 1 - 0,2W,3 - 2 - 0,2004
150,Green Bay Packers,10,6,0,0.625,424,380,44,4 - 4 - 0,6 - 2 - 0,5 - 1 - 0,0.833,9 - 3 - 0,0.75,1 - 3 - 0,2W,3 - 2 - 0,2004
151,New York Jets,10,6,0,0.625,333,261,72,6 - 2 - 0,4 - 4 - 0,3 - 3 - 0,0.5,7 - 5 - 0,0.583,3 - 1 - 0,2L,2 - 3 - 0,2004
152,Atlanta Falcons,11,5,0,0.688,340,337,3,7 - 1 - 0,4 - 4 - 0,4 - 2 - 0,0.667,8 - 4 - 0,0.667,3 - 1 - 0,2L,2 - 3 - 0,2004
153,Indianapolis Colts,12,4,0,0.75,522,351,171,7 - 1 - 0,5 - 3 - 0,5 - 1 - 0,0.833,8 - 4 - 0,0.667,4 - 0 - 0,1L,4 - 1 - 0,2004
154,Los Angeles Chargers,12,4,0,0.75,446,313,133,7 - 1 - 0,5 - 3 - 0,5 - 1 - 0,0.833,9 - 3 - 0,0.75,3 - 1 - 0,1W,4 - 1 - 0,2004
155,Philadelphia Eagles,13,3,0,0.813,386,260,126,7 - 1 - 0,6 - 2 - 0,6 - 0 - 0,1,11 - 1 - 0,0.917,2 - 2 - 0,2L,3 - 2 - 0,2004
156,New England Patriots,14,2,0,0.875,437,260,177,8 - 0 - 0,6 - 2 - 0,5 - 1 - 0,0.833,10 - 2 - 0,0.833,4 - 0 - 0,2W,4 - 1 - 0,2004
157,Pittsburgh Steelers,15,1,0,0.938,372,251,121,8 - 0 - 0,7 - 1 - 0,5 - 1 - 0,0.833,11 - 1 - 0,0.917,4 - 0 - 0,14W,5 - 0 - 0,2004
158,Houston Texans,2,14,0,0.125,260,431,-171,2 - 6 - 0,0 - 8 - 0,0 - 6 - 0,0,1 - 11 - 0,0.083,1 - 3 - 0,2L,1 - 4 - 0,2005
159,New Orleans Saints,3,13,0,0.188,235,398,-163,1 - 7 - 0,2 - 6 - 0,1 - 5 - 0,0.167,1 - 11 - 0,0.083,2 - 2 - 0,5L,0 - 5 - 0,2005
160,Green Bay Packers,4,12,0,0.25,298,344,-46,3 - 5 - 0,1 - 7 - 0,1 - 5 - 0,0.167,4 - 8 - 0,0.333,0 - 4 - 0,1W,2 - 3 - 0,2005
161,Las Vegas Raiders,4,12,0,0.25,290,383,-93,2 - 6 - 0,2 - 6 - 0,0 - 6 - 0,0,2 - 10 - 0,0.167,2 - 2 - 0,6L,0 - 5 - 0,2005
162,New York Jets,4,12,0,0.25,240,355,-115,4 - 4 - 0,0 - 8 - 0,2 - 4 - 0,0.333,3 - 9 - 0,0.25,1 - 3 - 0,1W,2 - 3 - 0,2005
163,San Francisco 49ers,4,12,0,0.25,239,428,-189,3 - 5 - 0,1 - 7 - 0,2 - 4 - 0,0.333,3 - 9 - 0,0.25,1 - 3 - 0,2W,2 - 3 - 0,2005
164,Tennessee Titans,4,12,0,0.25,299,421,-122,3 - 5 - 0,1 - 7 - 0,2 - 4 - 0,0.333,3 - 9 - 0,0.25,1 - 3 - 0,3L,1 - 4 - 0,2005
165,Arizona Cardinals,5,11,0,0.313,311,387,-76,3 - 5 - 0,2 - 6 - 0,3 - 3 - 0,0.5,4 - 8 - 0,0.333,1 - 3 - 0,1L,2 - 3 - 0,2005
166,Buffalo Bills,5,11,0,0.313,271,367,-96,4 - 4 - 0,1 - 7 - 0,2 - 4 - 0,0.333,5 - 7 - 0,0.417,0 - 4 - 0,1L,1 - 4 - 0,2005
167,Detroit Lions,5,11,0,0.313,254,345,-91,3 - 5 - 0,2 - 6 - 0,1 - 5 - 0,0.167,3 - 9 - 0,0.25,2 - 2 - 0,1L,1 - 4 - 0,2005
168,Baltimore Ravens,6,10,0,0.375,265,299,-34,6 - 2 - 0,0 - 8 - 0,2 - 4 - 0,0.333,4 - 8 - 0,0.333,2 - 2 - 0,1L,3 - 2 - 0,2005
169,Cleveland Browns,6,10,0,0.375,232,301,-69,4 - 4 - 0,2 - 6 - 0,1 - 5 - 0,0.167,4 - 8 - 0,0.333,2 - 2 - 0,1W,2 - 3 - 0,2005
170,Los Angeles Rams,6,10,0,0.375,363,429,-66,3 - 5 - 0,3 - 5 - 0,1 - 5 - 0,0.167,3 - 9 - 0,0.25,3 - 1 - 0,1W,1 - 4 - 0,2005
171,Philadelphia Eagles,6,10,0,0.375,310,388,-78,4 - 4 - 0,2 - 6 - 0,0 - 6 - 0,0,3 - 9 - 0,0.25,3 - 1 - 0,2L,1 - 4 - 0,2005
172,Atlanta Falcons,8,8,0,0.5,351,341,10,4 - 4 - 0,4 - 4 - 0,2 - 4 - 0,0.333,5 - 7 - 0,0.417,3 - 1 - 0,3L,1 - 4 - 0,2005
173,Dallas Cowboys,9,7,0,0.563,325,308,17,5 - 3 - 0,4 - 4 - 0,3 - 3 - 0,0.5,7 - 5 - 0,0.583,2 - 2 - 0,1L,2 - 3 - 0,2005
174,Los Angeles Chargers,9,7,0,0.563,418,312,106,4 - 4 - 0,5 - 3 - 0,3 - 3 - 0,0.5,7 - 5 - 0,0.583,2 - 2 - 0,2L,2 - 3 - 0,2005
175,Miami Dolphins,9,7,0,0.563,318,317,1,5 - 3 - 0,4 - 4 - 0,3 - 3 - 0,0.5,7 - 5 - 0,0.583,2 - 2 - 0,6W,5 - 0 - 0,2005
176,Minnesota Vikings,9,7,0,0.563,306,344,-38,6 - 2 - 0,3 - 5 - 0,5 - 1 - 0,0.833,8 - 4 - 0,0.667,1 - 3 - 0,1W,3 - 2 - 0,2005
177,Kansas City Chiefs,10,6,0,0.625,403,325,78,7 - 1 - 0,3 - 5 - 0,4 - 2 - 0,0.667,9 - 3 - 0,0.75,1 - 3 - 0,2W,3 - 2 - 0,2005
178,New England Patriots,10,6,0,0.625,379,338,41,5 - 3 - 0,5 - 3 - 0,5 - 1 - 0,0.833,7 - 5 - 0,0.583,3 - 1 - 0,1L,4 - 1 - 0,2005
179,Washington Commanders,10,6,0,0.625,359,293,66,6 - 2 - 0,4 - 4 - 0,5 - 1 - 0,0.833,10 - 2 - 0,0.833,0 - 4 - 0,5W,5 - 0 - 0,2005
180,Carolina Panthers,11,5,0,0.688,391,259,132,5 - 3 - 0,6 - 2 - 0,4 - 2 - 0,0.667,8 - 4 - 0,0.667,3 - 1 - 0,1W,3 - 2 - 0,2005
181,Chicago Bears,11,5,0,0.688,260,202,58,7 - 1 - 0,4 - 4 - 0,5 - 1 - 0,0.833,10 - 2 - 0,0.833,1 - 3 - 0,1L,3 - 2 - 0,2005
182,Cincinnati Bengals,11,5,0,0.688,421,350,71,5 - 3 - 0,6 - 2 - 0,5 - 1 - 0,0.833,7 - 5 - 0,0.583,4 - 0 - 0,2L,3 - 2 - 0,2005
183,New York Giants,11,5,0,0.688,422,314,108,7 - 1 - 0,4 - 4 - 0,4 - 2 - 0,0.667,8 - 4 - 0,0.667,3 - 1 - 0,1W,4 - 1 - 0,2005
184,Pittsburgh Steelers,11,5,0,0.688,389,258,131,5 - 3 - 0,6 - 2 - 0,4 - 2 - 0,0.667,7 - 5 - 0,0.583,4 - 0 - 0,4W,4 - 1 - 0,2005
185,Tampa Bay Buccaneers,11,5,0,0.688,300,274,26,6 - 2 - 0,5 - 3 - 0,5 - 1 - 0,0.833,9 - 3 - 0,0.75,2 - 2 - 0,2W,4 - 1 - 0,2005
186,Jacksonville Jaguars,12,4,0,0.75,361,269,92,6 - 2 - 0,6 - 2 - 0,4 - 2 - 0,0.667,9 - 3 - 0,0.75,3 - 1 - 0,3W,4 - 1 - 0,2005
187,Denver Broncos,13,3,0,0.813,395,258,137,8 - 0 - 0,5 - 3 - 0,5 - 1 - 0,0.833,10 - 2 - 0,0.833,3 - 1 - 0,4W,4 - 1 - 0,2005
188,Seattle Seahawks,13,3,0,0.813,452,271,181,8 - 0 - 0,5 - 3 - 0,6 - 0 - 0,1,10 - 2 - 0,0.833,3 - 1 - 0,1L,4 - 1 - 0,2005
189,Indianapolis Colts,14,2,0,0.875,439,247,192,7 - 1 - 0,7 - 1 - 0,6 - 0 - 0,1,11 - 1 - 0,0.917,3 - 1 - 0,1W,3 - 2 - 0,2005
190,Las Vegas Raiders,2,14,0,0.125,168,332,-164,2 - 6 - 0,0 - 8 - 0,0 - 6 - 0,0,1 - 11 - 0,0.083,1 - 3 - 0,9L,0 - 5 - 0,2006
191,Detroit Lions,3,13,0,0.188,305,398,-93,2 - 6 - 0,1 - 7 - 0,0 - 6 - 0,0,2 - 10 - 0,0.167,1 - 3 - 0,1W,1 - 4 - 0,2006
192,Cleveland Browns,4,12,0,0.25,238,356,-118,2 - 6 - 0,2 - 6 - 0,0 - 6 - 0,0,3 - 9 - 0,0.25,1 - 3 - 0,4L,1 - 4 - 0,2006
193,Tampa Bay Buccaneers,4,12,0,0.25,211,353,-142,3 - 5 - 0,1 - 7 - 0,0 - 6 - 0,0,2 - 10 - 0,0.167,2 - 2 - 0,1L,1 - 4 - 0,2006
194,Arizona Cardinals,5,11,0,0.313,314,389,-75,3 - 5 - 0,2 - 6 - 0,4 - 2 - 0,0.667,5 - 7 - 0,0.417,0 - 4 - 0,1L,3 - 2 - 0,2006
195,Washington Commanders,5,11,0,0.313,307,376,-69,3 - 5 - 0,2 - 6 - 0,1 - 5 - 0,0.167,3 - 9 - 0,0.25,2 - 2 - 0,2L,1 - 4 - 0,2006
196,Houston Texans,6,10,0,0.375,267,366,-99,4 - 4 - 0,2 - 6 - 0,3 - 3 - 0,0.5,6 - 6 - 0,0.5,0 - 4 - 0,2W,3 - 2 - 0,2006
197,Miami Dolphins,6,10,0,0.375,260,283,-23,4 - 4 - 0,2 - 6 - 0,1 - 5 - 0,0.167,3 - 9 - 0,0.25,3 - 1 - 0,3L,1 - 4 - 0,2006
198,Minnesota Vikings,6,10,0,0.375,282,327,-45,3 - 5 - 0,3 - 5 - 0,2 - 4 - 0,0.333,6 - 6 - 0,0.5,0 - 4 - 0,3L,1 - 4 - 0,2006
199,Atlanta Falcons,7,9,0,0.438,292,328,-36,3 - 5 - 0,4 - 4 - 0,3 - 3 - 0,0.5,5 - 7 - 0,0.417,2 - 2 - 0,3L,2 - 3 - 0,2006
200,Buffalo Bills,7,9,0,0.438,300,311,-11,4 - 4 - 0,3 - 5 - 0,3 - 3 - 0,0.5,5 - 7 - 0,0.417,2 - 2 - 0,2L,2 - 3 - 0,2006
201,San Francisco 49ers,7,9,0,0.438,298,412,-114,4 - 4 - 0,3 - 5 - 0,3 - 3 - 0,0.5,5 - 7 - 0,0.417,2 - 2 - 0,1W,2 - 3 - 0,2006
202,Carolina Panthers,8,8,0,0.5,270,305,-35,4 - 4 - 0,4 - 4 - 0,5 - 1 - 0,0.833,6 - 6 - 0,0.5,2 - 2 - 0,2W,2 - 3 - 0,2006
203,Cincinnati Bengals,8,8,0,0.5,373,331,42,4 - 4 - 0,4 - 4 - 0,4 - 2 - 0,0.667,6 - 6 - 0,0.5,2 - 2 - 0,3L,2 - 3 - 0,2006
204,Green Bay Packers,8,8,0,0.5,301,366,-65,3 - 5 - 0,5 - 3 - 0,5 - 1 - 0,0.833,7 - 5 - 0,0.583,1 - 3 - 0,4W,4 - 1 - 0,2006
205,Jacksonville Jaguars,8,8,0,0.5,371,274,97,6 - 2 - 0,2 - 6 - 0,2 - 4 - 0,0.333,5 - 7 - 0,0.417,3 - 1 - 0,3L,2 - 3 - 0,2006
206,Los Angeles Rams,8,8,0,0.5,367,381,-14,4 - 4 - 0,4 - 4 - 0,2 - 4 - 0,0.333,6 - 6 - 0,0.5,2 - 2 - 0,3W,3 - 2 - 0,2006
207,New York Giants,8,8,0,0.5,355,362,-7,3 - 5 - 0,5 - 3 - 0,4 - 2 - 0,0.667,7 - 5 - 0,0.583,1 - 3 - 0,1W,2 - 3 - 0,2006
208,Pittsburgh Steelers,8,8,0,0.5,353,315,38,5 - 3 - 0,3 - 5 - 0,3 - 3 - 0,0.5,5 - 7 - 0,0.417,3 - 1 - 0,1W,4 - 1 - 0,2006
209,Tennessee Titans,8,8,0,0.5,324,400,-76,4 - 4 - 0,4 - 4 - 0,4 - 2 - 0,0.667,5 - 7 - 0,0.417,3 - 1 - 0,1L,4 - 1 - 0,2006
210,Dallas Cowboys,9,7,0,0.563,425,350,75,4 - 4 - 0,5 - 3 - 0,2 - 4 - 0,0.333,6 - 6 - 0,0.5,3 - 1 - 0,2L,2 - 3 - 0,2006
211,Denver Broncos,9,7,0,0.563,319,305,14,4 - 4 - 0,5 - 3 - 0,3 - 3 - 0,0.5,8 - 4 - 0,0.667,1 - 3 - 0,1L,2 - 3 - 0,2006
212,Kansas City Chiefs,9,7,0,0.563,331,315,16,6 - 2 - 0,3 - 5 - 0,4 - 2 - 0,0.667,5 - 7 - 0,0.417,4 - 0 - 0,2W,2 - 3 - 0,2006
213,Seattle Seahawks,9,7,0,0.563,335,341,-6,5 - 3 - 0,4 - 4 - 0,3 - 3 - 0,0.5,7 - 5 - 0,0.583,2 - 2 - 0,1W,2 - 3 - 0,2006
214,New Orleans Saints,10,6,0,0.625,413,322,91,4 - 4 - 0,6 - 2 - 0,4 - 2 - 0,0.667,9 - 3 - 0,0.75,1 - 3 - 0,1L,3 - 2 - 0,2006
215,New York Jets,10,6,0,0.625,316,295,21,4 - 4 - 0,6 - 2 - 0,4 - 2 - 0,0.667,7 - 5 - 0,0.583,3 - 1 - 0,3W,4 - 1 - 0,2006
216,Philadelphia Eagles,10,6,0,0.625,398,328,70,5 - 3 - 0,5 - 3 - 0,5 - 1 - 0,0.833,9 - 3 - 0,0.75,1 - 3 - 0,5W,5 - 0 - 0,2006
217,Indianapolis Colts,12,4,0,0.75,427,360,67,8 - 0 - 0,4 - 4 - 0,3 - 3 - 0,0.5,9 - 3 - 0,0.75,3 - 1 - 0,1W,2 - 3 - 0,2006
218,New England Patriots,12,4,0,0.75,385,237,148,5 - 3 - 0,7 - 1 - 0,4 - 2 - 0,0.667,8 - 4 - 0,0.667,4 - 0 - 0,3W,4 - 1 - 0,2006
219,Baltimore Ravens,13,3,0,0.813,353,201,152,7 - 1 - 0,6 - 2 - 0,5 - 1 - 0,0.833,10 - 2 - 0,0.833,3 - 1 - 0,4W,4 - 1 - 0,2006
220,Chicago Bears,13,3,0,0.813,427,255,172,6 - 2 - 0,7 - 1 - 0,5 - 1 - 0,0.833,11 - 1 - 0,0.917,2 - 2 - 0,1L,4 - 1 - 0,2006
221,Los Angeles Chargers,14,2,0,0.875,492,303,189,8 - 0 - 0,6 - 2 - 0,5 - 1 - 0,0.833,10 - 2 - 0,0.833,4 - 0 - 0,10W,5 - 0 - 0,2006
222,Miami Dolphins,1,15,0,0.063,267,437,-170,1 - 7 - 0,0 - 8 - 0,0 - 6 - 0,0,1 - 11 - 0,0.083,0 - 4 - 0,2L,1 - 4 - 0,2007
223,Los Angeles Rams,3,13,0,0.188,263,438,-175,1 - 7 - 0,2 - 6 - 0,1 - 5 - 0,0.167,3 - 9 - 0,0.25,0 - 4 - 0,4L,1 - 4 - 0,2007
224,Atlanta Falcons,4,12,0,0.25,259,414,-155,3 - 5 - 0,1 - 7 - 0,1 - 5 - 0,0.167,3 - 9 - 0,0.25,1 - 3 - 0,1W,1 - 4 - 0,2007
225,Kansas City Chiefs,4,12,0,0.25,226,335,-109,2 - 6 - 0,2 - 6 - 0,2 - 4 - 0,0.333,3 - 9 - 0,0.25,1 - 3 - 0,9L,0 - 5 - 0,2007
226,Las Vegas Raiders,4,12,0,0.25,283,398,-115,2 - 6 - 0,2 - 6 - 0,2 - 4 - 0,0.333,4 - 8 - 0,0.333,0 - 4 - 0,4L,1 - 4 - 0,2007
227,New York Jets,4,12,0,0.25,268,355,-87,3 - 5 - 0,1 - 7 - 0,2 - 4 - 0,0.333,4 - 8 - 0,0.333,0 - 4 - 0,1W,2 - 3 - 0,2007
228,Baltimore Ravens,5,11,0,0.313,275,384,-109,4 - 4 - 0,1 - 7 - 0,1 - 5 - 0,0.167,2 - 10 - 0,0.167,3 - 1 - 0,1W,1 - 4 - 0,2007
229,San Francisco 49ers,5,11,0,0.313,219,364,-145,3 - 5 - 0,2 - 6 - 0,3 - 3 - 0,0.5,4 - 8 - 0,0.333,1 - 3 - 0,1L,2 - 3 - 0,2007
230,Buffalo Bills,7,9,0,0.438,252,354,-102,4 - 4 - 0,3 - 5 - 0,4 - 2 - 0,0.667,6 - 6 - 0,0.5,1 - 3 - 0,3L,2 - 3 - 0,2007
231,Carolina Panthers,7,9,0,0.438,267,347,-80,2 - 6 - 0,5 - 3 - 0,3 - 3 - 0,0.5,7 - 5 - 0,0.583,0 - 4 - 0,1W,3 - 2 - 0,2007
232,Chicago Bears,7,9,0,0.438,334,348,-14,4 - 4 - 0,3 - 5 - 0,2 - 4 - 0,0.333,4 - 8 - 0,0.333,3 - 1 - 0,2W,2 - 3 - 0,2007
233,Cincinnati Bengals,7,9,0,0.438,380,385,-5,5 - 3 - 0,2 - 6 - 0,3 - 3 - 0,0.5,6 - 6 - 0,0.5,1 - 3 - 0,2W,3 - 2 - 0,2007
234,Denver Broncos,7,9,0,0.438,320,409,-89,5 - 3 - 0,2 - 6 - 0,3 - 3 - 0,0.5,6 - 6 - 0,0.5,1 - 3 - 0,1W,2 - 3 - 0,2007
235,Detroit Lions,7,9,0,0.438,346,444,-98,5 - 3 - 0,2 - 6 - 0,3 - 3 - 0,0.5,4 - 8 - 0,0.333,3 - 1 - 0,1L,1 - 4 - 0,2007
236,New Orleans Saints,7,9,0,0.438,379,388,-9,3 - 5 - 0,4 - 4 - 0,3 - 3 - 0,0.5,6 - 6 - 0,0.5,1 - 3 - 0,2L,2 - 3 - 0,2007
237,Arizona Cardinals,8,8,0,0.5,404,399,5,6 - 2 - 0,2 - 6 - 0,3 - 3 - 0,0.5,5 - 7 - 0,0.417,3 - 1 - 0,2W,3 - 2 - 0,2007
238,Houston Texans,8,8,0,0.5,379,384,-5,6 - 2 - 0,2 - 6 - 0,1 - 5 - 0,0.167,5 - 7 - 0,0.417,3 - 1 - 0,1W,3 - 2 - 0,2007
239,Minnesota Vikings,8,8,0,0.5,365,311,54,5 - 3 - 0,3 - 5 - 0,3 - 3 - 0,0.5,6 - 6 - 0,0.5,2 - 2 - 0,2L,3 - 2 - 0,2007
240,Philadelphia Eagles,8,8,0,0.5,336,300,36,3 - 5 - 0,5 - 3 - 0,2 - 4 - 0,0.333,5 - 7 - 0,0.417,3 - 1 - 0,3W,3 - 2 - 0,2007
241,Tampa Bay Buccaneers,9,7,0,0.563,334,270,64,6 - 2 - 0,3 - 5 - 0,5 - 1 - 0,0.833,8 - 4 - 0,0.667,1 - 3 - 0,2L,2 - 3 - 0,2007
242,Washington Commanders,9,7,0,0.563,334,310,24,5 - 3 - 0,4 - 4 - 0,3 - 3 - 0,0.5,7 - 5 - 0,0.583,2 - 2 - 0,4W,4 - 1 - 0,2007
243,Cleveland Browns,10,6,0,0.625,402,382,20,7 - 1 - 0,3 - 5 - 0,3 - 3 - 0,0.5,7 - 5 - 0,0.583,3 - 1 - 0,1W,3 - 2 - 0,2007
244,New York Giants,10,6,0,0.625,373,351,22,3 - 5 - 0,7 - 1 - 0,3 - 3 - 0,0.5,7 - 5 - 0,0.583,3 - 1 - 0,1L,3 - 2 - 0,2007
245,Pittsburgh Steelers,10,6,0,0.625,393,269,124,7 - 1 - 0,3 - 5 - 0,5 - 1 - 0,0.833,7 - 5 - 0,0.583,3 - 1 - 0,1L,2 - 3 - 0,2007
246,Seattle Seahawks,10,6,0,0.625,393,291,102,7 - 1 - 0,3 - 5 - 0,5 - 1 - 0,0.833,8 - 4 - 0,0.667,2 - 2 - 0,1L,3 - 2 - 0,2007
247,Tennessee Titans,10,6,0,0.625,301,297,4,5 - 3 - 0,5 - 3 - 0,4 - 2 - 0,0.667,7 - 5 - 0,0.583,3 - 1 - 0,3W,4 - 1 - 0,2007
248,Jacksonville Jaguars,11,5,0,0.688,411,304,107,6 - 2 - 0,5 - 3 - 0,2 - 4 - 0,0.333,8 - 4 - 0,0.667,3 - 1 - 0,1L,3 - 2 - 0,2007
249,Los Angeles Chargers,11,5,0,0.688,412,284,128,7 - 1 - 0,4 - 4 - 0,5 - 1 - 0,0.833,9 - 3 - 0,0.75,2 - 2 - 0,6W,5 - 0 - 0,2007
250,Dallas Cowboys,13,3,0,0.813,455,325,130,6 - 2 - 0,7 - 1 - 0,4 - 2 - 0,0.667,10 - 2 - 0,0.833,3 - 1 - 0,1L,3 - 2 - 0,2007
251,Green Bay Packers,13,3,0,0.813,435,291,144,7 - 1 - 0,6 - 2 - 0,4 - 2 - 0,0.667,9 - 3 - 0,0.75,4 - 0 - 0,1W,3 - 2 - 0,2007
252,Indianapolis Colts,13,3,0,0.813,450,262,188,6 - 2 - 0,7 - 1 - 0,5 - 1 - 0,0.833,9 - 3 - 0,0.75,4 - 0 - 0,1L,4 - 1 - 0,2007
253,New England Patriots,16,0,0,1,589,274,315,8 - 0 - 0,8 - 0 - 0,6 - 0 - 0,1,12 - 0 - 0,1,4 - 0 - 0,16W,5 - 0 - 0,2007
254,Detroit Lions,0,16,0,0,268,517,-249,0 - 8 - 0,0 - 8 - 0,0 - 6 - 0,0,0 - 12 - 0,0,0 - 4 - 0,16L,0 - 5 - 0,2008
255,Kansas City Chiefs,2,14,0,0.125,291,440,-149,1 - 7 - 0,1 - 7 - 0,2 - 4 - 0,0.333,2 - 10 - 0,0.167,0 - 4 - 0,4L,1 - 4 - 0,2008
256,Los Angeles Rams,2,14,0,0.125,232,465,-233,1 - 7 - 0,1 - 7 - 0,0 - 6 - 0,0,2 - 10 - 0,0.167,0 - 4 - 0,10L,0 - 5 - 0,2008
257,Cincinnati Bengals,4,11,1,0.281,204,364,-160,3 - 4 - 1,1 - 7 - 0,1 - 5 - 0,0.167,3 - 9 - 0,0.25,1 - 2 - 1,3W,3 - 2 - 0,2008
258,Cleveland Browns,4,12,0,0.25,232,350,-118,1 - 7 - 0,3 - 5 - 0,1 - 5 - 0,0.167,3 - 9 - 0,0.25,1 - 3 - 0,6L,0 - 5 - 0,2008
259,Seattle Seahawks,4,12,0,0.25,294,392,-98,2 - 6 - 0,2 - 6 - 0,3 - 3 - 0,0.5,3 - 9 - 0,0.25,1 - 3 - 0,1L,2 - 3 - 0,2008
260,Jacksonville Jaguars,5,11,0,0.313,302,367,-65,2 - 6 - 0,3 - 5 - 0,2 - 4 - 0,0.333,3 - 9 - 0,0.25,2 - 2 - 0,2L,1 - 4 - 0,2008
261,Las Vegas Raiders,5,11,0,0.313,263,388,-125,2 - 6 - 0,3 - 5 - 0,2 - 4 - 0,0.333,4 - 8 - 0,0.333,1 - 3 - 0,2W,2 - 3 - 0,2008
262,Green Bay Packers,6,10,0,0.375,419,380,39,4 - 4 - 0,2 - 6 - 0,4 - 2 - 0,0.667,5 - 7 - 0,0.417,1 - 3 - 0,1W,1 - 4 - 0,2008
263,Buffalo Bills,7,9,0,0.438,336,342,-6,3 - 5 - 0,4 - 4 - 0,0 - 6 - 0,0,5 - 7 - 0,0.417,2 - 2 - 0,1L,1 - 4 - 0,2008
264,San Francisco 49ers,7,9,0,0.438,339,381,-42,4 - 4 - 0,3 - 5 - 0,3 - 3 - 0,0.5,5 - 7 - 0,0.417,2 - 2 - 0,2W,4 - 1 - 0,2008
265,Denver Broncos,8,8,0,0.5,370,448,-78,4 - 4 - 0,4 - 4 - 0,3 - 3 - 0,0.5,5 - 7 - 0,0.417,3 - 1 - 0,3L,2 - 3 - 0,2008
266,Houston Texans,8,8,0,0.5,366,394,-28,6 - 2 - 0,2 - 6 - 0,2 - 4 - 0,0.333,5 - 7 - 0,0.417,3 - 1 - 0,1W,4 - 1 - 0,2008
267,Los Angeles Chargers,8,8,0,0.5,439,347,92,5 - 3 - 0,3 - 5 - 0,5 - 1 - 0,0.833,7 - 5 - 0,0.583,1 - 3 - 0,4W,4 - 1 - 0,2008
268,New Orleans Saints,8,8,0,0.5,463,393,70,6 - 2 - 0,2 - 6 - 0,2 - 4 - 0,0.333,5 - 7 - 0,0.417,3 - 1 - 0,1L,2 - 3 - 0,2008
269,Washington Commanders,8,8,0,0.5,265,296,-31,4 - 4 - 0,4 - 4 - 0,3 - 3 - 0,0.5,7 - 5 - 0,0.583,1 - 3 - 0,1L,1 - 4 - 0,2008
270,Arizona Cardinals,9,7,0,0.563,427,426,1,6 - 2 - 0,3 - 5 - 0,6 - 0 - 0,1,7 - 5 - 0,0.583,2 - 2 - 0,1W,2 - 3 - 0,2008
271,Chicago Bears,9,7,0,0.563,375,350,25,6 - 2 - 0,3 - 5 - 0,4 - 2 - 0,0.667,7 - 5 - 0,0.583,2 - 2 - 0,1L,3 - 2 - 0,2008
272,Dallas Cowboys,9,7,0,0.563,362,365,-3,6 - 2 - 0,3 - 5 - 0,3 - 3 - 0,0.5,7 - 5 - 0,0.583,2 - 2 - 0,2L,2 - 3 - 0,2008
273,New York Jets,9,7,0,0.563,405,356,49,5 - 3 - 0,4 - 4 - 0,4 - 2 - 0,0.667,7 - 5 - 0,0.583,2 - 2 - 0,2L,1 - 4 - 0,2008
274,Philadelphia Eagles,9,6,1,0.594,416,289,127,6 - 2 - 0,3 - 4 - 1,2 - 4 - 0,0.333,7 - 5 - 0,0.583,2 - 1 - 1,1W,4 - 1 - 0,2008
275,Tampa Bay Buccaneers,9,7,0,0.563,361,323,38,6 - 2 - 0,3 - 5 - 0,3 - 3 - 0,0.5,8 - 4 - 0,0.667,1 - 3 - 0,4L,1 - 4 - 0,2008
276,Minnesota Vikings,10,6,0,0.625,379,333,46,6 - 2 - 0,4 - 4 - 0,4 - 2 - 0,0.667,8 - 4 - 0,0.667,2 - 2 - 0,1W,4 - 1 - 0,2008
277,Atlanta Falcons,11,5,0,0.688,391,325,66,7 - 1 - 0,4 - 4 - 0,3 - 3 - 0,0.5,8 - 4 - 0,0.667,3 - 1 - 0,3W,4 - 1 - 0,2008
278,Baltimore Ravens,11,5,0,0.688,385,244,141,6 - 2 - 0,5 - 3 - 0,4 - 2 - 0,0.667,8 - 4 - 0,0.667,3 - 1 - 0,2W,4 - 1 - 0,2008
279,Miami Dolphins,11,5,0,0.688,345,317,28,5 - 3 - 0,6 - 2 - 0,4 - 2 - 0,0.667,8 - 4 - 0,0.667,3 - 1 - 0,5W,5 - 0 - 0,2008
280,New England Patriots,11,5,0,0.688,410,309,101,5 - 3 - 0,6 - 2 - 0,4 - 2 - 0,0.667,7 - 5 - 0,0.583,4 - 0 - 0,4W,4 - 1 - 0,2008
281,Carolina Panthers,12,4,0,0.75,414,329,85,8 - 0 - 0,4 - 4 - 0,4 - 2 - 0,0.667,8 - 4 - 0,0.667,4 - 0 - 0,1W,4 - 1 - 0,2008
282,Indianapolis Colts,12,4,0,0.75,377,298,79,6 - 2 - 0,6 - 2 - 0,4 - 2 - 0,0.667,10 - 2 - 0,0.833,2 - 2 - 0,9W,5 - 0 - 0,2008
283,New York Giants,12,4,0,0.75,427,294,133,7 - 1 - 0,5 - 3 - 0,4 - 2 - 0,0.667,9 - 3 - 0,0.75,3 - 1 - 0,1L,2 - 3 - 0,2008
284,Pittsburgh Steelers,12,4,0,0.75,347,223,124,6 - 2 - 0,6 - 2 - 0,6 - 0 - 0,1,10 - 2 - 0,0.833,2 - 2 - 0,1W,4 - 1 - 0,2008
285,Tennessee Titans,13,3,0,0.813,375,234,141,7 - 1 - 0,6 - 2 - 0,4 - 2 - 0,0.667,9 - 3 - 0,0.75,4 - 0 - 0,1L,3 - 2 - 0,2008
286,Los Angeles Rams,1,15,0,0.063,175,436,-261,0 - 8 - 0,1 - 7 - 0,0 - 6 - 0,0,1 - 11 - 0,0.083,0 - 4 - 0,8L,0 - 5 - 0,2009
287,Detroit Lions,2,14,0,0.125,262,494,-232,2 - 6 - 0,0 - 8 - 0,0 - 6 - 0,0,1 - 11 - 0,0.083,1 - 3 - 0,6L,0 - 5 - 0,2009
288,Tampa Bay Buccaneers,3,13,0,0.188,244,400,-156,1 - 7 - 0,2 - 6 - 0,1 - 5 - 0,0.167,3 - 9 - 0,0.25,0 - 4 - 0,1L,2 - 3 - 0,2009
289,Kansas City Chiefs,4,12,0,0.25,294,424,-130,1 - 7 - 0,3 - 5 - 0,2 - 4 - 0,0.333,3 - 9 - 0,0.25,1 - 3 - 0,1W,1 - 4 - 0,2009
290,Washington Commanders,4,12,0,0.25,266,336,-70,3 - 5 - 0,1 - 7 - 0,0 - 6 - 0,0,2 - 10 - 0,0.167,2 - 2 - 0,3L,1 - 4 - 0,2009
291,Cleveland Browns,5,11,0,0.313,245,375,-130,3 - 5 - 0,2 - 6 - 0,1 - 5 - 0,0.167,5 - 7 - 0,0.417,0 - 4 - 0,4W,4 - 1 - 0,2009
292,Las Vegas Raiders,5,11,0,0.313,197,379,-182,2 - 6 - 0,3 - 5 - 0,2 - 4 - 0,0.333,4 - 8 - 0,0.333,1 - 3 - 0,2L,2 - 3 - 0,2009
293,Seattle Seahawks,5,11,0,0.313,280,390,-110,4 - 4 - 0,1 - 7 - 0,3 - 3 - 0,0.5,4 - 8 - 0,0.333,1 - 3 - 0,4L,1 - 4 - 0,2009
294,Buffalo Bills,6,10,0,0.375,258,326,-68,3 - 5 - 0,3 - 5 - 0,2 - 4 - 0,0.333,4 - 8 - 0,0.333,2 - 2 - 0,1W,2 - 3 - 0,2009
295,Chicago Bears,7,9,0,0.438,327,375,-48,5 - 3 - 0,2 - 6 - 0,3 - 3 - 0,0.5,5 - 7 - 0,0.417,2 - 2 - 0,2W,3 - 2 - 0,2009
296,Jacksonville Jaguars,7,9,0,0.438,290,380,-90,5 - 3 - 0,2 - 6 - 0,3 - 3 - 0,0.5,6 - 6 - 0,0.5,1 - 3 - 0,4L,1 - 4 - 0,2009
297,Miami Dolphins,7,9,0,0.438,360,390,-30,4 - 4 - 0,3 - 5 - 0,4 - 2 - 0,0.667,5 - 7 - 0,0.417,2 - 2 - 0,3L,2 - 3 - 0,2009
298,Carolina Panthers,8,8,0,0.5,315,308,7,5 - 3 - 0,3 - 5 - 0,4 - 2 - 0,0.667,8 - 4 - 0,0.667,0 - 4 - 0,3W,4 - 1 - 0,2009
299,Denver Broncos,8,8,0,0.5,326,324,2,4 - 4 - 0,4 - 4 - 0,3 - 3 - 0,0.5,6 - 6 - 0,0.5,2 - 2 - 0,4L,1 - 4 - 0,2009
300,New York Giants,8,8,0,0.5,402,427,-25,4 - 4 - 0,4 - 4 - 0,4 - 2 - 0,0.667,6 - 6 - 0,0.5,2 - 2 - 0,2L,2 - 3 - 0,2009
301,San Francisco 49ers,8,8,0,0.5,330,281,49,6 - 2 - 0,2 - 6 - 0,5 - 1 - 0,0.833,7 - 5 - 0,0.583,1 - 3 - 0,2W,3 - 2 - 0,2009
302,Tennessee Titans,8,8,0,0.5,354,402,-48,5 - 3 - 0,3 - 5 - 0,2 - 4 - 0,0.333,4 - 8 - 0,0.333,4 - 0 - 0,1W,3 - 2 - 0,2009
303,Atlanta Falcons,9,7,0,0.563,363,325,38,6 - 2 - 0,3 - 5 - 0,3 - 3 - 0,0.5,6 - 6 - 0,0.5,3 - 1 - 0,3W,3 - 2 - 0,2009
304,Baltimore Ravens,9,7,0,0.563,391,261,130,6 - 2 - 0,3 - 5 - 0,3 - 3 - 0,0.5,7 - 5 - 0,0.583,2 - 2 - 0,1W,3 - 2 - 0,2009
305,Houston Texans,9,7,0,0.563,388,333,55,4 - 4 - 0,5 - 3 - 0,1 - 5 - 0,0.167,6 - 6 - 0,0.5,3 - 1 - 0,4W,4 - 1 - 0,2009
306,New York Jets,9,7,0,0.563,348,236,112,4 - 4 - 0,5 - 3 - 0,2 - 4 - 0,0.333,7 - 5 - 0,0.583,2 - 2 - 0,2W,4 - 1 - 0,2009
307,Pittsburgh Steelers,9,7,0,0.563,368,324,44,6 - 2 - 0,3 - 5 - 0,2 - 4 - 0,0.333,6 - 6 - 0,0.5,3 - 1 - 0,3W,3 - 2 - 0,2009
308,Arizona Cardinals,10,6,0,0.625,375,325,50,4 - 4 - 0,6 - 2 - 0,4 - 2 - 0,0.667,8 - 4 - 0,0.667,2 - 2 - 0,1L,3 - 2 - 0,2009
309,Cincinnati Bengals,10,6,0,0.625,305,291,14,6 - 2 - 0,4 - 4 - 0,6 - 0 - 0,1,7 - 5 - 0,0.583,3 - 1 - 0,1L,2 - 3 - 0,2009
310,New England Patriots,10,6,0,0.625,427,285,142,8 - 0 - 0,2 - 6 - 0,4 - 2 - 0,0.667,7 - 5 - 0,0.583,3 - 1 - 0,1L,3 - 2 - 0,2009
311,Dallas Cowboys,11,5,0,0.688,361,250,111,6 - 2 - 0,5 - 3 - 0,4 - 2 - 0,0.667,9 - 3 - 0,0.75,2 - 2 - 0,3W,3 - 2 - 0,2009
312,Green Bay Packers,11,5,0,0.688,461,297,164,6 - 2 - 0,5 - 3 - 0,4 - 2 - 0,0.667,9 - 3 - 0,0.75,2 - 2 - 0,2W,4 - 1 - 0,2009
313,Philadelphia Eagles,11,5,0,0.688,429,337,92,6 - 2 - 0,5 - 3 - 0,4 - 2 - 0,0.667,9 - 3 - 0,0.75,2 - 2 - 0,1L,4 - 1 - 0,2009
314,Minnesota Vikings,12,4,0,0.75,470,312,158,8 - 0 - 0,4 - 4 - 0,5 - 1 - 0,0.833,9 - 3 - 0,0.75,3 - 1 - 0,1W,2 - 3 - 0,2009
315,Los Angeles Chargers,13,3,0,0.813,454,320,134,6 - 2 - 0,7 - 1 - 0,5 - 1 - 0,0.833,9 - 3 - 0,0.75,4 - 0 - 0,11W,5 - 0 - 0,2009
316,New Orleans Saints,13,3,0,0.813,510,341,169,6 - 2 - 0,7 - 1 - 0,4 - 2 - 0,0.667,9 - 3 - 0,0.75,4 - 0 - 0,3L,2 - 3 - 0,2009
317,Indianapolis Colts,14,2,0,0.875,416,307,109,7 - 1 - 0,7 - 1 - 0,6 - 0 - 0,1,10 - 2 - 0,0.833,4 - 0 - 0,2L,3 - 2 - 0,2009
318,Carolina Panthers,2,14,0,0.125,196,408,-212,2 - 6 - 0,0 - 8 - 0,0 - 6 - 0,0,2 - 10 - 0,0.167,0 - 4 - 0,2L,1 - 4 - 0,2010
319,Buffalo Bills,4,12,0,0.25,283,425,-142,2 - 6 - 0,2 - 6 - 0,1 - 5 - 0,0.167,3 - 9 - 0,0.25,1 - 3 - 0,2L,2 - 3 - 0,2010
320,Cincinnati Bengals,4,12,0,0.25,322,395,-73,3 - 5 - 0,1 - 7 - 0,2 - 4 - 0,0.333,3 - 9 - 0,0.25,1 - 3 - 0,1L,2 - 3 - 0,2010
321,Denver Broncos,4,12,0,0.25,344,471,-127,3 - 5 - 0,1 - 7 - 0,1 - 5 - 0,0.167,3 - 9 - 0,0.25,1 - 3 - 0,1L,1 - 4 - 0,2010
322,Arizona Cardinals,5,11,0,0.313,289,434,-145,4 - 4 - 0,1 - 7 - 0,1 - 5 - 0,0.167,3 - 9 - 0,0.25,2 - 2 - 0,1L,2 - 3 - 0,2010
323,Cleveland Browns,5,11,0,0.313,271,332,-61,3 - 5 - 0,2 - 6 - 0,1 - 5 - 0,0.167,3 - 9 - 0,0.25,2 - 2 - 0,4L,1 - 4 - 0,2010
324,Dallas Cowboys,6,10,0,0.375,394,436,-42,2 - 6 - 0,4 - 4 - 0,3 - 3 - 0,0.5,4 - 8 - 0,0.333,2 - 2 - 0,1W,3 - 2 - 0,2010
325,Detroit Lions,6,10,0,0.375,362,369,-7,4 - 4 - 0,2 - 6 - 0,2 - 4 - 0,0.333,5 - 7 - 0,0.417,1 - 3 - 0,4W,4 - 1 - 0,2010
326,Houston Texans,6,10,0,0.375,390,427,-37,4 - 4 - 0,2 - 6 - 0,3 - 3 - 0,0.5,5 - 7 - 0,0.417,1 - 3 - 0,1W,1 - 4 - 0,2010
327,Minnesota Vikings,6,10,0,0.375,281,348,-67,4 - 4 - 0,2 - 6 - 0,1 - 5 - 0,0.167,5 - 7 - 0,0.417,1 - 3 - 0,1L,2 - 3 - 0,2010
328,San Francisco 49ers,6,10,0,0.375,305,346,-41,5 - 3 - 0,1 - 7 - 0,4 - 2 - 0,0.667,4 - 8 - 0,0.333,2 - 2 - 0,1W,2 - 3 - 0,2010
329,Tennessee Titans,6,10,0,0.375,356,339,17,3 - 5 - 0,3 - 5 - 0,2 - 4 - 0,0.333,3 - 9 - 0,0.25,3 - 1 - 0,2L,1 - 4 - 0,2010
330,Washington Commanders,6,10,0,0.375,302,377,-75,2 - 6 - 0,4 - 4 - 0,2 - 4 - 0,0.333,4 - 8 - 0,0.333,2 - 2 - 0,1L,1 - 4 - 0,2010
331,Los Angeles Rams,7,9,0,0.438,289,328,-39,5 - 3 - 0,2 - 6 - 0,3 - 3 - 0,0.5,5 - 7 - 0,0.417,2 - 2 - 0,1L,2 - 3 - 0,2010
332,Miami Dolphins,7,9,0,0.438,273,333,-60,1 - 7 - 0,6 - 2 - 0,2 - 4 - 0,0.333,5 - 7 - 0,0.417,2 - 2 - 0,3L,1 - 4 - 0,2010
333,Seattle Seahawks,7,9,0,0.438,310,407,-97,5 - 3 - 0,2 - 6 - 0,4 - 2 - 0,0.667,6 - 6 - 0,0.5,1 - 3 - 0,1W,2 - 3 - 0,2010
334,Jacksonville Jaguars,8,8,0,0.5,353,419,-66,5 - 3 - 0,3 - 5 - 0,3 - 3 - 0,0.5,7 - 5 - 0,0.583,1 - 3 - 0,3L,2 - 3 - 0,2010
335,Las Vegas Raiders,8,8,0,0.5,410,371,39,5 - 3 - 0,3 - 5 - 0,6 - 0 - 0,1,6 - 6 - 0,0.5,2 - 2 - 0,1W,3 - 2 - 0,2010
336,Los Angeles Chargers,9,7,0,0.563,441,322,119,6 - 2 - 0,3 - 5 - 0,3 - 3 - 0,0.5,7 - 5 - 0,0.583,2 - 2 - 0,1W,3 - 2 - 0,2010
337,Green Bay Packers,10,6,0,0.625,388,240,148,7 - 1 - 0,3 - 5 - 0,4 - 2 - 0,0.667,8 - 4 - 0,0.667,2 - 2 - 0,2W,3 - 2 - 0,2010
338,Indianapolis Colts,10,6,0,0.625,435,388,47,6 - 2 - 0,4 - 4 - 0,4 - 2 - 0,0.667,8 - 4 - 0,0.667,2 - 2 - 0,4W,4 - 1 - 0,2010
339,Kansas City Chiefs,10,6,0,0.625,366,326,40,7 - 1 - 0,3 - 5 - 0,2 - 4 - 0,0.333,6 - 6 - 0,0.5,4 - 0 - 0,1L,3 - 2 - 0,2010
340,New York Giants,10,6,0,0.625,394,347,47,5 - 3 - 0,5 - 3 - 0,3 - 3 - 0,0.5,8 - 4 - 0,0.667,2 - 2 - 0,1W,3 - 2 - 0,2010
341,Philadelphia Eagles,10,6,0,0.625,439,377,62,4 - 4 - 0,6 - 2 - 0,4 - 2 - 0,0.667,7 - 5 - 0,0.583,3 - 1 - 0,2L,3 - 2 - 0,2010
342,Tampa Bay Buccaneers,10,6,0,0.625,341,318,23,4 - 4 - 0,6 - 2 - 0,3 - 3 - 0,0.5,8 - 4 - 0,0.667,2 - 2 - 0,2W,3 - 2 - 0,2010
343,Chicago Bears,11,5,0,0.688,334,286,48,5 - 3 - 0,6 - 2 - 0,5 - 1 - 0,0.833,8 - 4 - 0,0.667,3 - 1 - 0,1L,3 - 2 - 0,2010
344,New Orleans Saints,11,5,0,0.688,384,307,77,5 - 3 - 0,6 - 2 - 0,4 - 2 - 0,0.667,9 - 3 - 0,0.75,2 - 2 - 0,1L,3 - 2 - 0,2010
345,New York Jets,11,5,0,0.688,367,304,63,5 - 3 - 0,6 - 2 - 0,4 - 2 - 0,0.667,9 - 3 - 0,0.75,2 - 2 - 0,1W,2 - 3 - 0,2010
346,Baltimore Ravens,12,4,0,0.75,357,270,87,7 - 1 - 0,5 - 3 - 0,4 - 2 - 0,0.667,9 - 3 - 0,0.75,3 - 1 - 0,4W,4 - 1 - 0,2010
347,Pittsburgh Steelers,12,4,0,0.75,375,232,143,5 - 3 - 0,7 - 1 - 0,5 - 1 - 0,0.833,9 - 3 - 0,0.75,3 - 1 - 0,2W,4 - 1 - 0,2010
348,Atlanta Falcons,13,3,0,0.813,414,288,126,7 - 1 - 0,6 - 2 - 0,5 - 1 - 0,0.833,10 - 2 - 0,0.833,3 - 1 - 0,1W,4 - 1 - 0,2010
349,New England Patriots,14,2,0,0.875,518,313,205,8 - 0 - 0,6 - 2 - 0,5 - 1 - 0,0.833,10 - 2 - 0,0.833,4 - 0 - 0,8W,5 - 0 - 0,2010
350,Indianapolis Colts,2,14,0,0.125,243,430,-187,2 - 6 - 0,0 - 8 - 0,2 - 4 - 0,0.333,2 - 10 - 0,0.167,0 - 4 - 0,1L,2 - 3 - 0,2011
351,Los Angeles Rams,2,14,0,0.125,193,407,-214,1 - 7 - 0,1 - 7 - 0,0 - 6 - 0,0,1 - 11 - 0,0.083,1 - 3 - 0,7L,0 - 5 - 0,2011
352,Minnesota Vikings,3,13,0,0.188,340,449,-109,1 - 7 - 0,2 - 6 - 0,0 - 6 - 0,0,3 - 9 - 0,0.25,0 - 4 - 0,1L,1 - 4 - 0,2011
353,Cleveland Browns,4,12,0,0.25,218,307,-89,3 - 5 - 0,1 - 7 - 0,0 - 6 - 0,0,3 - 9 - 0,0.25,1 - 3 - 0,6L,0 - 5 - 0,2011
354,Tampa Bay Buccaneers,4,12,0,0.25,287,494,-207,3 - 5 - 0,1 - 7 - 0,2 - 4 - 0,0.333,3 - 9 - 0,0.25,1 - 3 - 0,10L,0 - 5 - 0,2011
355,Jacksonville Jaguars,5,11,0,0.313,243,329,-86,4 - 4 - 0,1 - 7 - 0,3 - 3 - 0,0.5,4 - 8 - 0,0.333,1 - 3 - 0,1W,2 - 3 - 0,2011
356,Washington Commanders,5,11,0,0.313,288,367,-79,2 - 6 - 0,3 - 5 - 0,2 - 4 - 0,0.333,5 - 7 - 0,0.417,0 - 4 - 0,2L,1 - 4 - 0,2011
357,Buffalo Bills,6,10,0,0.375,372,434,-62,5 - 3 - 0,1 - 7 - 0,1 - 5 - 0,0.167,4 - 8 - 0,0.333,2 - 2 - 0,1L,1 - 4 - 0,2011
358,Carolina Panthers,6,10,0,0.375,406,429,-23,3 - 5 - 0,3 - 5 - 0,2 - 4 - 0,0.333,3 - 9 - 0,0.25,3 - 1 - 0,1L,3 - 2 - 0,2011
359,Miami Dolphins,6,10,0,0.375,329,313,16,4 - 4 - 0,2 - 6 - 0,3 - 3 - 0,0.5,5 - 7 - 0,0.417,1 - 3 - 0,1W,3 - 2 - 0,2011
360,Kansas City Chiefs,7,9,0,0.438,212,338,-126,3 - 5 - 0,4 - 4 - 0,3 - 3 - 0,0.5,4 - 8 - 0,0.333,3 - 1 - 0,1W,3 - 2 - 0,2011
361,Seattle Seahawks,7,9,0,0.438,321,315,6,4 - 4 - 0,3 - 5 - 0,3 - 3 - 0,0.5,6 - 6 - 0,0.5,1 - 3 - 0,2L,3 - 2 - 0,2011
362,Arizona Cardinals,8,8,0,0.5,312,348,-36,6 - 2 - 0,2 - 6 - 0,4 - 2 - 0,0.667,7 - 5 - 0,0.583,1 - 3 - 0,1W,4 - 1 - 0,2011
363,Chicago Bears,8,8,0,0.5,353,341,12,5 - 3 - 0,3 - 5 - 0,3 - 3 - 0,0.5,7 - 5 - 0,0.583,1 - 3 - 0,1W,1 - 4 - 0,2011
364,Dallas Cowboys,8,8,0,0.5,369,347,22,5 - 3 - 0,3 - 5 - 0,2 - 4 - 0,0.333,6 - 6 - 0,0.5,2 - 2 - 0,2L,1 - 4 - 0,2011
365,Denver Broncos,8,8,0,0.5,309,390,-81,3 - 5 - 0,5 - 3 - 0,3 - 3 - 0,0.5,6 - 6 - 0,0.5,2 - 2 - 0,3L,2 - 3 - 0,2011
366,Las Vegas Raiders,8,8,0,0.5,359,433,-74,3 - 5 - 0,5 - 3 - 0,3 - 3 - 0,0.5,6 - 6 - 0,0.5,2 - 2 - 0,1L,1 - 4 - 0,2011
367,Los Angeles Chargers,8,8,0,0.5,406,377,29,5 - 3 - 0,3 - 5 - 0,3 - 3 - 0,0.5,7 - 5 - 0,0.583,1 - 3 - 0,1W,4 - 1 - 0,2011
368,New York Jets,8,8,0,0.5,377,363,14,6 - 2 - 0,2 - 6 - 0,3 - 3 - 0,0.5,6 - 6 - 0,0.5,2 - 2 - 0,3L,2 - 3 - 0,2011
369,Philadelphia Eagles,8,8,0,0.5,396,328,68,3 - 5 - 0,5 - 3 - 0,5 - 1 - 0,0.833,6 - 6 - 0,0.5,2 - 2 - 0,4W,4 - 1 - 0,2011
370,Cincinnati Bengals,9,7,0,0.563,344,323,21,4 - 4 - 0,5 - 3 - 0,2 - 4 - 0,0.333,6 - 6 - 0,0.5,3 - 1 - 0,1L,2 - 3 - 0,2011
371,New York Giants,9,7,0,0.563,394,400,-6,4 - 4 - 0,5 - 3 - 0,3 - 3 - 0,0.5,5 - 7 - 0,0.417,4 - 0 - 0,2W,3 - 2 - 0,2011
372,Tennessee Titans,9,7,0,0.563,325,317,8,5 - 3 - 0,4 - 4 - 0,3 - 3 - 0,0.5,7 - 5 - 0,0.583,2 - 2 - 0,2W,3 - 2 - 0,2011
373,Atlanta Falcons,10,6,0,0.625,402,350,52,6 - 2 - 0,4 - 4 - 0,3 - 3 - 0,0.5,7 - 5 - 0,0.583,3 - 1 - 0,1W,3 - 2 - 0,2011
374,Detroit Lions,10,6,0,0.625,474,387,87,5 - 3 - 0,5 - 3 - 0,3 - 3 - 0,0.5,6 - 6 - 0,0.5,4 - 0 - 0,1L,3 - 2 - 0,2011
375,Houston Texans,10,6,0,0.625,381,278,103,5 - 3 - 0,5 - 3 - 0,4 - 2 - 0,0.667,8 - 4 - 0,0.667,2 - 2 - 0,3L,2 - 3 - 0,2011
376,Baltimore Ravens,12,4,0,0.75,378,266,112,8 - 0 - 0,4 - 4 - 0,6 - 0 - 0,1,9 - 3 - 0,0.75,3 - 1 - 0,2W,4 - 1 - 0,2011
377,Pittsburgh Steelers,12,4,0,0.75,325,227,98,7 - 1 - 0,5 - 3 - 0,4 - 2 - 0,0.667,9 - 3 - 0,0.75,3 - 1 - 0,2W,4 - 1 - 0,2011
378,New England Patriots,13,3,0,0.813,513,342,171,7 - 1 - 0,6 - 2 - 0,5 - 1 - 0,0.833,10 - 2 - 0,0.833,3 - 1 - 0,8W,5 - 0 - 0,2011
379,New Orleans Saints,13,3,0,0.813,547,339,208,8 - 0 - 0,5 - 3 - 0,5 - 1 - 0,0.833,9 - 3 - 0,0.75,4 - 0 - 0,8W,5 - 0 - 0,2011
380,San Francisco 49ers,13,3,0,0.813,380,229,151,7 - 1 - 0,6 - 2 - 0,5 - 1 - 0,0.833,10 - 2 - 0,0.833,3 - 1 - 0,3W,4 - 1 - 0,2011
381,Green Bay Packers,15,1,0,0.938,560,359,201,8 - 0 - 0,7 - 1 - 0,6 - 0 - 0,1,12 - 0 - 0,1,3 - 1 - 0,2W,4 - 1 - 0,2011
382,Jacksonville Jaguars,2,14,0,0.125,255,444,-189,1 - 7 - 0,1 - 7 - 0,2 - 4 - 0,0.333,2 - 10 - 0,0.167,0 - 4 - 0,5L,0 - 5 - 0,2012
383,Kansas City Chiefs,2,14,0,0.125,211,425,-214,1 - 7 - 0,1 - 7 - 0,0 - 6 - 0,0,0 - 12 - 0,0,2 - 2 - 0,4L,1 - 4 - 0,2012
384,Detroit Lions,4,12,0,0.25,372,437,-65,2 - 6 - 0,2 - 6 - 0,0 - 6 - 0,0,3 - 9 - 0,0.25,1 - 3 - 0,8L,0 - 5 - 0,2012
385,Las Vegas Raiders,4,12,0,0.25,290,443,-153,3 - 5 - 0,1 - 7 - 0,2 - 4 - 0,0.333,4 - 8 - 0,0.333,0 - 4 - 0,2L,1 - 4 - 0,2012
386,Philadelphia Eagles,4,12,0,0.25,280,444,-164,2 - 6 - 0,2 - 6 - 0,1 - 5 - 0,0.167,2 - 10 - 0,0.167,2 - 2 - 0,3L,1 - 4 - 0,2012
387,Arizona Cardinals,5,11,0,0.313,250,357,-107,4 - 4 - 0,1 - 7 - 0,1 - 5 - 0,0.167,3 - 9 - 0,0.25,2 - 2 - 0,2L,1 - 4 - 0,2012
388,Cleveland Browns,5,11,0,0.313,302,368,-66,4 - 4 - 0,1 - 7 - 0,2 - 4 - 0,0.333,5 - 7 - 0,0.417,0 - 4 - 0,3L,2 - 3 - 0,2012
389,Buffalo Bills,6,10,0,0.375,344,435,-91,4 - 4 - 0,2 - 6 - 0,2 - 4 - 0,0.333,5 - 7 - 0,0.417,1 - 3 - 0,1W,2 - 3 - 0,2012
390,New York Jets,6,10,0,0.375,281,375,-94,3 - 5 - 0,3 - 5 - 0,2 - 4 - 0,0.333,4 - 8 - 0,0.333,2 - 2 - 0,3L,2 - 3 - 0,2012
391,Tennessee Titans,6,10,0,0.375,330,471,-141,4 - 4 - 0,2 - 6 - 0,1 - 5 - 0,0.167,5 - 7 - 0,0.417,1 - 3 - 0,1W,2 - 3 - 0,2012
392,Carolina Panthers,7,9,0,0.438,357,363,-6,3 - 5 - 0,4 - 4 - 0,3 - 3 - 0,0.5,5 - 7 - 0,0.417,2 - 2 - 0,4W,4 - 1 - 0,2012
393,Los Angeles Chargers,7,9,0,0.438,350,350,0,3 - 5 - 0,4 - 4 - 0,4 - 2 - 0,0.667,7 - 5 - 0,0.583,0 - 4 - 0,2W,3 - 2 - 0,2012
394,Los Angeles Rams,7,8,1,0.469,299,348,-49,4 - 4 - 0,3 - 4 - 1,4 - 1 - 1,0.75,6 - 5 - 1,0.542,1 - 3 - 0,1L,3 - 2 - 0,2012
395,Miami Dolphins,7,9,0,0.438,288,317,-29,5 - 3 - 0,2 - 6 - 0,2 - 4 - 0,0.333,5 - 7 - 0,0.417,2 - 2 - 0,1L,2 - 3 - 0,2012
396,New Orleans Saints,7,9,0,0.438,461,454,7,4 - 4 - 0,3 - 5 - 0,3 - 3 - 0,0.5,5 - 7 - 0,0.417,2 - 2 - 0,1L,2 - 3 - 0,2012
397,Tampa Bay Buccaneers,7,9,0,0.438,389,394,-5,3 - 5 - 0,4 - 4 - 0,3 - 3 - 0,0.5,4 - 8 - 0,0.333,3 - 1 - 0,1W,1 - 4 - 0,2012
398,Dallas Cowboys,8,8,0,0.5,376,400,-24,4 - 4 - 0,4 - 4 - 0,3 - 3 - 0,0.5,5 - 7 - 0,0.417,3 - 1 - 0,2L,3 - 2 - 0,2012
399,Pittsburgh Steelers,8,8,0,0.5,336,314,22,5 - 3 - 0,3 - 5 - 0,3 - 3 - 0,0.5,5 - 7 - 0,0.417,3 - 1 - 0,1W,2 - 3 - 0,2012
400,New York Giants,9,7,0,0.563,429,344,85,6 - 2 - 0,3 - 5 - 0,3 - 3 - 0,0.5,8 - 4 - 0,0.667,1 - 3 - 0,1W,2 - 3 - 0,2012
401,Baltimore Ravens,10,6,0,0.625,398,344,54,6 - 2 - 0,4 - 4 - 0,4 - 2 - 0,0.667,8 - 4 - 0,0.667,2 - 2 - 0,1L,1 - 4 - 0,2012
402,Chicago Bears,10,6,0,0.625,375,277,98,5 - 3 - 0,5 - 3 - 0,3 - 3 - 0,0.5,7 - 5 - 0,0.583,3 - 1 - 0,2W,2 - 3 - 0,2012
403,Cincinnati Bengals,10,6,0,0.625,391,320,71,4 - 4 - 0,6 - 2 - 0,3 - 3 - 0,0.5,7 - 5 - 0,0.583,3 - 1 - 0,3W,4 - 1 - 0,2012
404,Minnesota Vikings,10,6,0,0.625,379,348,31,7 - 1 - 0,3 - 5 - 0,4 - 2 - 0,0.667,7 - 5 - 0,0.583,3 - 1 - 0,4W,4 - 1 - 0,2012
405,Washington Commanders,10,6,0,0.625,436,388,48,5 - 3 - 0,5 - 3 - 0,5 - 1 - 0,0.833,8 - 4 - 0,0.667,2 - 2 - 0,7W,5 - 0 - 0,2012
406,Green Bay Packers,11,5,0,0.688,433,336,97,7 - 1 - 0,4 - 4 - 0,5 - 1 - 0,0.833,8 - 4 - 0,0.667,3 - 1 - 0,1L,4 - 1 - 0,2012
407,Indianapolis Colts,11,5,0,0.688,357,387,-30,7 - 1 - 0,4 - 4 - 0,4 - 2 - 0,0.667,8 - 4 - 0,0.667,3 - 1 - 0,2W,4 - 1 - 0,2012
408,San Francisco 49ers,11,4,1,0.719,397,273,124,6 - 1 - 1,5 - 3 - 0,3 - 2 - 1,0.583,7 - 4 - 1,0.625,4 - 0 - 0,1W,3 - 2 - 0,2012
409,Seattle Seahawks,11,5,0,0.688,412,245,167,8 - 0 - 0,3 - 5 - 0,3 - 3 - 0,0.5,8 - 4 - 0,0.667,3 - 1 - 0,5W,5 - 0 - 0,2012
410,Houston Texans,12,4,0,0.75,416,331,85,6 - 2 - 0,6 - 2 - 0,5 - 1 - 0,0.833,10 - 2 - 0,0.833,2 - 2 - 0,2L,2 - 3 - 0,2012
411,New England Patriots,12,4,0,0.75,557,331,226,6 - 2 - 0,6 - 2 - 0,6 - 0 - 0,1,11 - 1 - 0,0.917,1 - 3 - 0,2W,4 - 1 - 0,2012
412,Atlanta Falcons,13,3,0,0.813,419,299,120,7 - 1 - 0,6 - 2 - 0,3 - 3 - 0,0.5,9 - 3 - 0,0.75,4 - 0 - 0,1L,3 - 2 - 0,2012
413,Denver Broncos,13,3,0,0.813,481,289,192,7 - 1 - 0,6 - 2 - 0,6 - 0 - 0,1,10 - 2 - 0,0.833,3 - 1 - 0,11W,5 - 0 - 0,2012
414,Houston Texans,2,14,0,0.125,276,428,-152,1 - 7 - 0,1 - 7 - 0,1 - 5 - 0,0.167,2 - 10 - 0,0.167,0 - 4 - 0,14L,0 - 5 - 0,2013
415,Washington Commanders,3,13,0,0.188,334,478,-144,2 - 6 - 0,1 - 7 - 0,0 - 6 - 0,0,1 - 11 - 0,0.083,2 - 2 - 0,8L,0 - 5 - 0,2013
416,Atlanta Falcons,4,12,0,0.25,353,443,-90,3 - 5 - 0,1 - 7 - 0,1 - 5 - 0,0.167,3 - 9 - 0,0.25,1 - 3 - 0,2L,2 - 3 - 0,2013
417,Cleveland Browns,4,12,0,0.25,308,406,-98,3 - 5 - 0,1 - 7 - 0,2 - 4 - 0,0.333,3 - 9 - 0,0.25,1 - 3 - 0,7L,0 - 5 - 0,2013
418,Jacksonville Jaguars,4,12,0,0.25,247,449,-202,1 - 7 - 0,3 - 5 - 0,3 - 3 - 0,0.5,4 - 8 - 0,0.333,0 - 4 - 0,3L,2 - 3 - 0,2013
419,Las Vegas Raiders,4,12,0,0.25,322,453,-131,3 - 5 - 0,1 - 7 - 0,1 - 5 - 0,0.167,4 - 8 - 0,0.333,0 - 4 - 0,6L,0 - 5 - 0,2013
420,Tampa Bay Buccaneers,4,12,0,0.25,288,389,-101,3 - 5 - 0,1 - 7 - 0,1 - 5 - 0,0.167,2 - 10 - 0,0.167,2 - 2 - 0,3L,1 - 4 - 0,2013
421,Minnesota Vikings,5,10,1,0.344,391,480,-89,5 - 3 - 0,0 - 7 - 1,2 - 3 - 1,0.417,4 - 7 - 1,0.375,1 - 3 - 0,1W,3 - 2 - 0,2013
422,Buffalo Bills,6,10,0,0.375,339,388,-49,4 - 4 - 0,2 - 6 - 0,3 - 3 - 0,0.5,5 - 7 - 0,0.417,1 - 3 - 0,1L,2 - 3 - 0,2013
423,Detroit Lions,7,9,0,0.438,395,376,19,4 - 4 - 0,3 - 5 - 0,4 - 2 - 0,0.667,6 - 6 - 0,0.5,1 - 3 - 0,4L,1 - 4 - 0,2013
424,Los Angeles Rams,7,9,0,0.438,348,364,-16,5 - 3 - 0,2 - 6 - 0,1 - 5 - 0,0.167,4 - 8 - 0,0.333,3 - 1 - 0,1L,2 - 3 - 0,2013
425,New York Giants,7,9,0,0.438,294,383,-89,4 - 4 - 0,3 - 5 - 0,3 - 3 - 0,0.5,6 - 6 - 0,0.5,1 - 3 - 0,2W,3 - 2 - 0,2013
426,Tennessee Titans,7,9,0,0.438,362,381,-19,3 - 5 - 0,4 - 4 - 0,2 - 4 - 0,0.333,6 - 6 - 0,0.5,1 - 3 - 0,2W,2 - 3 - 0,2013
427,Baltimore Ravens,8,8,0,0.5,320,352,-32,6 - 2 - 0,2 - 6 - 0,3 - 3 - 0,0.5,6 - 6 - 0,0.5,2 - 2 - 0,2L,3 - 2 - 0,2013
428,Chicago Bears,8,8,0,0.5,445,478,-33,5 - 3 - 0,3 - 5 - 0,2 - 4 - 0,0.333,4 - 8 - 0,0.333,4 - 0 - 0,2L,2 - 3 - 0,2013
429,Dallas Cowboys,8,8,0,0.5,439,432,7,5 - 3 - 0,3 - 5 - 0,5 - 1 - 0,0.833,7 - 5 - 0,0.583,1 - 3 - 0,1L,2 - 3 - 0,2013
430,Green Bay Packers,8,7,1,0.531,417,428,-11,4 - 3 - 1,4 - 4 - 0,3 - 2 - 1,0.583,6 - 5 - 1,0.542,2 - 2 - 0,1W,3 - 2 - 0,2013
431,Miami Dolphins,8,8,0,0.5,317,335,-18,4 - 4 - 0,4 - 4 - 0,2 - 4 - 0,0.333,7 - 5 - 0,0.583,1 - 3 - 0,2L,3 - 2 - 0,2013
432,New York Jets,8,8,0,0.5,290,387,-97,6 - 2 - 0,2 - 6 - 0,3 - 3 - 0,0.5,5 - 7 - 0,0.417,3 - 1 - 0,2W,3 - 2 - 0,2013
433,Pittsburgh Steelers,8,8,0,0.5,379,370,9,5 - 3 - 0,3 - 5 - 0,4 - 2 - 0,0.667,6 - 6 - 0,0.5,2 - 2 - 0,3W,3 - 2 - 0,2013
434,Los Angeles Chargers,9,7,0,0.563,396,348,48,5 - 3 - 0,4 - 4 - 0,4 - 2 - 0,0.667,6 - 6 - 0,0.5,3 - 1 - 0,4W,4 - 1 - 0,2013
435,Arizona Cardinals,10,6,0,0.625,379,324,55,6 - 2 - 0,4 - 4 - 0,2 - 4 - 0,0.333,6 - 6 - 0,0.5,4 - 0 - 0,1L,3 - 2 - 0,2013
436,Philadelphia Eagles,10,6,0,0.625,442,382,60,4 - 4 - 0,6 - 2 - 0,4 - 2 - 0,0.667,9 - 3 - 0,0.75,1 - 3 - 0,2W,4 - 1 - 0,2013
437,Cincinnati Bengals,11,5,0,0.688,430,305,125,8 - 0 - 0,3 - 5 - 0,3 - 3 - 0,0.5,8 - 4 - 0,0.667,3 - 1 - 0,2W,4 - 1 - 0,2013
438,Indianapolis Colts,11,5,0,0.688,391,336,55,6 - 2 - 0,5 - 3 - 0,6 - 0 - 0,1,9 - 3 - 0,0.75,2 - 2 - 0,3W,4 - 1 - 0,2013
439,Kansas City Chiefs,11,5,0,0.688,430,305,125,5 - 3 - 0,6 - 2 - 0,2 - 4 - 0,0.333,7 - 5 - 0,0.583,4 - 0 - 0,2L,2 - 3 - 0,2013
440,New Orleans Saints,11,5,0,0.688,414,304,110,8 - 0 - 0,3 - 5 - 0,5 - 1 - 0,0.833,9 - 3 - 0,0.75,2 - 2 - 0,1W,2 - 3 - 0,2013
441,Carolina Panthers,12,4,0,0.75,366,241,125,7 - 1 - 0,5 - 3 - 0,5 - 1 - 0,0.833,9 - 3 - 0,0.75,3 - 1 - 0,3W,4 - 1 - 0,2013
442,New England Patriots,12,4,0,0.75,444,338,106,8 - 0 - 0,4 - 4 - 0,4 - 2 - 0,0.667,9 - 3 - 0,0.75,3 - 1 - 0,2W,4 - 1 - 0,2013
443,San Francisco 49ers,12,4,0,0.75,406,272,134,6 - 2 - 0,6 - 2 - 0,5 - 1 - 0,0.833,9 - 3 - 0,0.75,3 - 1 - 0,6W,5 - 0 - 0,2013
444,Denver Broncos,13,3,0,0.813,606,399,207,7 - 1 - 0,6 - 2 - 0,5 - 1 - 0,0.833,9 - 3 - 0,0.75,4 - 0 - 0,2W,4 - 1 - 0,2013
445,Seattle Seahawks,13,3,0,0.813,417,231,186,7 - 1 - 0,6 - 2 - 0,4 - 2 - 0,0.667,10 - 2 - 0,0.833,3 - 1 - 0,1W,3 - 2 - 0,2013
446,Tampa Bay Buccaneers,2,14,0,0.125,277,410,-133,0 - 8 - 0,2 - 6 - 0,0 - 6 - 0,0,1 - 11 - 0,0.083,1 - 3 - 0,6L,0 - 5 - 0,2014
447,Tennessee Titans,2,14,0,0.125,254,438,-184,1 - 7 - 0,1 - 7 - 0,1 - 5 - 0,0.167,2 - 10 - 0,0.167,0 - 4 - 0,10L,0 - 5 - 0,2014
448,Jacksonville Jaguars,3,13,0,0.188,249,412,-163,3 - 5 - 0,0 - 8 - 0,1 - 5 - 0,0.167,2 - 10 - 0,0.167,1 - 3 - 0,1L,2 - 3 - 0,2014
449,Las Vegas Raiders,3,13,0,0.188,253,452,-199,3 - 5 - 0,0 - 8 - 0,1 - 5 - 0,0.167,2 - 10 - 0,0.167,1 - 3 - 0,1L,2 - 3 - 0,2014
450,New York Jets,4,12,0,0.25,283,401,-118,2 - 6 - 0,2 - 6 - 0,1 - 5 - 0,0.167,4 - 8 - 0,0.333,0 - 4 - 0,1W,2 - 3 - 0,2014
451,Washington Commanders,4,12,0,0.25,301,438,-137,3 - 5 - 0,1 - 7 - 0,2 - 4 - 0,0.333,2 - 10 - 0,0.167,2 - 2 - 0,1L,1 - 4 - 0,2014
452,Chicago Bears,5,11,0,0.313,319,442,-123,2 - 6 - 0,3 - 5 - 0,1 - 5 - 0,0.167,4 - 8 - 0,0.333,1 - 3 - 0,5L,0 - 5 - 0,2014
453,Atlanta Falcons,6,10,0,0.375,381,417,-36,3 - 5 - 0,3 - 5 - 0,5 - 1 - 0,0.833,6 - 6 - 0,0.5,0 - 4 - 0,1L,2 - 3 - 0,2014
454,Los Angeles Rams,6,10,0,0.375,324,354,-30,3 - 5 - 0,3 - 5 - 0,2 - 4 - 0,0.333,4 - 8 - 0,0.333,2 - 2 - 0,3L,2 - 3 - 0,2014
455,New York Giants,6,10,0,0.375,380,400,-20,3 - 5 - 0,3 - 5 - 0,2 - 4 - 0,0.333,4 - 8 - 0,0.333,2 - 2 - 0,1L,3 - 2 - 0,2014
456,Carolina Panthers,7,8,1,0.469,339,374,-35,4 - 4 - 0,3 - 4 - 1,4 - 2 - 0,0.667,6 - 6 - 0,0.5,1 - 2 - 1,4W,4 - 1 - 0,2014
457,Cleveland Browns,7,9,0,0.438,299,337,-38,4 - 4 - 0,3 - 5 - 0,2 - 4 - 0,0.333,4 - 8 - 0,0.333,3 - 1 - 0,5L,0 - 5 - 0,2014
458,Minnesota Vikings,7,9,0,0.438,325,343,-18,5 - 3 - 0,2 - 6 - 0,1 - 5 - 0,0.167,6 - 6 - 0,0.5,1 - 3 - 0,1W,3 - 2 - 0,2014
459,New Orleans Saints,7,9,0,0.438,401,424,-23,3 - 5 - 0,4 - 4 - 0,3 - 3 - 0,0.5,6 - 6 - 0,0.5,1 - 3 - 0,1W,3 - 2 - 0,2014
460,Miami Dolphins,8,8,0,0.5,388,373,15,4 - 4 - 0,4 - 4 - 0,3 - 3 - 0,0.5,6 - 6 - 0,0.5,2 - 2 - 0,1L,2 - 3 - 0,2014
461,San Francisco 49ers,8,8,0,0.5,306,340,-34,4 - 4 - 0,4 - 4 - 0,2 - 4 - 0,0.333,7 - 5 - 0,0.583,1 - 3 - 0,1W,1 - 4 - 0,2014
462,Buffalo Bills,9,7,0,0.563,343,289,54,5 - 3 - 0,4 - 4 - 0,4 - 2 - 0,0.667,5 - 7 - 0,0.417,4 - 0 - 0,1W,3 - 2 - 0,2014
463,Houston Texans,9,7,0,0.563,372,307,65,5 - 3 - 0,4 - 4 - 0,4 - 2 - 0,0.667,8 - 4 - 0,0.667,1 - 3 - 0,2W,4 - 1 - 0,2014
464,Kansas City Chiefs,9,7,0,0.563,353,281,72,6 - 2 - 0,3 - 5 - 0,3 - 3 - 0,0.5,7 - 5 - 0,0.583,2 - 2 - 0,1W,2 - 3 - 0,2014
465,Los Angeles Chargers,9,7,0,0.563,348,348,0,5 - 3 - 0,4 - 4 - 0,2 - 4 - 0,0.333,6 - 6 - 0,0.5,3 - 1 - 0,1L,2 - 3 - 0,2014
466,Baltimore Ravens,10,6,0,0.625,409,302,107,6 - 2 - 0,4 - 4 - 0,3 - 3 - 0,0.5,6 - 6 - 0,0.5,4 - 0 - 0,1W,3 - 2 - 0,2014
467,Cincinnati Bengals,10,5,1,0.656,365,344,21,5 - 2 - 1,5 - 3 - 0,3 - 3 - 0,0.5,7 - 5 - 0,0.583,3 - 0 - 1,1L,3 - 2 - 0,2014
468,Philadelphia Eagles,10,6,0,0.625,474,400,74,6 - 2 - 0,4 - 4 - 0,4 - 2 - 0,0.667,6 - 6 - 0,0.5,4 - 0 - 0,1W,2 - 3 - 0,2014
469,Arizona Cardinals,11,5,0,0.688,310,299,11,7 - 1 - 0,4 - 4 - 0,3 - 3 - 0,0.5,8 - 4 - 0,0.667,3 - 1 - 0,2L,2 - 3 - 0,2014
470,Detroit Lions,11,5,0,0.688,321,282,39,7 - 1 - 0,4 - 4 - 0,5 - 1 - 0,0.833,9 - 3 - 0,0.75,2 - 2 - 0,1L,4 - 1 - 0,2014
471,Indianapolis Colts,11,5,0,0.688,458,369,89,6 - 2 - 0,5 - 3 - 0,6 - 0 - 0,1,9 - 3 - 0,0.75,2 - 2 - 0,1W,4 - 1 - 0,2014
472,Pittsburgh Steelers,11,5,0,0.688,436,368,68,6 - 2 - 0,5 - 3 - 0,4 - 2 - 0,0.667,9 - 3 - 0,0.75,2 - 2 - 0,4W,4 - 1 - 0,2014
473,Dallas Cowboys,12,4,0,0.75,467,352,115,4 - 4 - 0,8 - 0 - 0,4 - 2 - 0,0.667,8 - 4 - 0,0.667,4 - 0 - 0,4W,4 - 1 - 0,2014
474,Denver Broncos,12,4,0,0.75,482,354,128,8 - 0 - 0,4 - 4 - 0,6 - 0 - 0,1,10 - 2 - 0,0.833,2 - 2 - 0,1W,4 - 1 - 0,2014
475,Green Bay Packers,12,4,0,0.75,486,348,138,8 - 0 - 0,4 - 4 - 0,5 - 1 - 0,0.833,9 - 3 - 0,0.75,3 - 1 - 0,2W,4 - 1 - 0,2014
476,New England Patriots,12,4,0,0.75,468,313,155,7 - 1 - 0,5 - 3 - 0,4 - 2 - 0,0.667,9 - 3 - 0,0.75,3 - 1 - 0,1L,3 - 2 - 0,2014
477,Seattle Seahawks,12,4,0,0.75,394,254,140,7 - 1 - 0,5 - 3 - 0,5 - 1 - 0,0.833,10 - 2 - 0,0.833,2 - 2 - 0,6W,5 - 0 - 0,2014
478,Cleveland Browns,3,13,0,0.188,278,432,-154,2 - 6 - 0,1 - 7 - 0,1 - 5 - 0,0.167,2 - 10 - 0,0.167,1 - 3 - 0,3L,1 - 4 - 0,2015
479,Tennessee Titans,3,13,0,0.188,299,423,-124,1 - 7 - 0,2 - 6 - 0,1 - 5 - 0,0.167,1 - 11 - 0,0.083,2 - 2 - 0,4L,1 - 4 - 0,2015
480,Dallas Cowboys,4,12,0,0.25,275,374,-99,1 - 7 - 0,3 - 5 - 0,3 - 3 - 0,0.5,3 - 9 - 0,0.25,1 - 3 - 0,4L,1 - 4 - 0,2015
481,Los Angeles Chargers,4,12,0,0.25,320,398,-78,3 - 5 - 0,1 - 7 - 0,0 - 6 - 0,0,3 - 9 - 0,0.25,1 - 3 - 0,2L,1 - 4 - 0,2015
482,Baltimore Ravens,5,11,0,0.313,328,401,-73,3 - 5 - 0,2 - 6 - 0,3 - 3 - 0,0.5,4 - 8 - 0,0.333,1 - 3 - 0,1L,1 - 4 - 0,2015
483,Jacksonville Jaguars,5,11,0,0.313,376,448,-72,4 - 4 - 0,1 - 7 - 0,2 - 4 - 0,0.333,5 - 7 - 0,0.417,0 - 4 - 0,3L,1 - 4 - 0,2015
484,San Francisco 49ers,5,11,0,0.313,238,387,-149,4 - 4 - 0,1 - 7 - 0,1 - 5 - 0,0.167,4 - 8 - 0,0.333,1 - 3 - 0,1W,2 - 3 - 0,2015
485,Chicago Bears,6,10,0,0.375,335,397,-62,1 - 7 - 0,5 - 3 - 0,1 - 5 - 0,0.167,3 - 9 - 0,0.25,3 - 1 - 0,1L,1 - 4 - 0,2015
486,Miami Dolphins,6,10,0,0.375,310,389,-79,3 - 5 - 0,3 - 5 - 0,1 - 5 - 0,0.167,4 - 8 - 0,0.333,2 - 2 - 0,1W,2 - 3 - 0,2015
487,New York Giants,6,10,0,0.375,420,442,-22,3 - 5 - 0,3 - 5 - 0,2 - 4 - 0,0.333,4 - 8 - 0,0.333,2 - 2 - 0,3L,1 - 4 - 0,2015
488,Tampa Bay Buccaneers,6,10,0,0.375,342,417,-75,3 - 5 - 0,3 - 5 - 0,3 - 3 - 0,0.5,5 - 7 - 0,0.417,1 - 3 - 0,4L,1 - 4 - 0,2015
489,Detroit Lions,7,9,0,0.438,358,400,-42,4 - 4 - 0,3 - 5 - 0,3 - 3 - 0,0.5,6 - 6 - 0,0.5,1 - 3 - 0,3W,3 - 2 - 0,2015
490,Las Vegas Raiders,7,9,0,0.438,359,399,-40,3 - 5 - 0,4 - 4 - 0,3 - 3 - 0,0.5,7 - 5 - 0,0.583,0 - 4 - 0,1L,2 - 3 - 0,2015
491,Los Angeles Rams,7,9,0,0.438,280,330,-50,5 - 3 - 0,2 - 6 - 0,4 - 2 - 0,0.667,6 - 6 - 0,0.5,1 - 3 - 0,1L,3 - 2 - 0,2015
492,New Orleans Saints,7,9,0,0.438,408,476,-68,4 - 4 - 0,3 - 5 - 0,3 - 3 - 0,0.5,5 - 7 - 0,0.417,2 - 2 - 0,2W,3 - 2 - 0,2015
493,Philadelphia Eagles,7,9,0,0.438,377,430,-53,3 - 5 - 0,4 - 4 - 0,3 - 3 - 0,0.5,4 - 8 - 0,0.333,3 - 1 - 0,1W,3 - 2 - 0,2015
494,Atlanta Falcons,8,8,0,0.5,339,345,-6,4 - 4 - 0,4 - 4 - 0,1 - 5 - 0,0.167,5 - 7 - 0,0.417,3 - 1 - 0,1L,2 - 3 - 0,2015
495,Buffalo Bills,8,8,0,0.5,379,359,20,5 - 3 - 0,3 - 5 - 0,4 - 2 - 0,0.667,7 - 5 - 0,0.583,1 - 3 - 0,2W,3 - 2 - 0,2015
496,Indianapolis Colts,8,8,0,0.5,333,408,-75,4 - 4 - 0,4 - 4 - 0,4 - 2 - 0,0.667,6 - 6 - 0,0.5,2 - 2 - 0,2W,2 - 3 - 0,2015
497,Houston Texans,9,7,0,0.563,339,313,26,5 - 3 - 0,4 - 4 - 0,5 - 1 - 0,0.833,7 - 5 - 0,0.583,2 - 2 - 0,3W,3 - 2 - 0,2015
498,Washington Commanders,9,7,0,0.563,388,379,9,6 - 2 - 0,3 - 5 - 0,4 - 2 - 0,0.667,8 - 4 - 0,0.667,1 - 3 - 0,4W,4 - 1 - 0,2015
499,Green Bay Packers,10,6,0,0.625,368,323,45,5 - 3 - 0,5 - 3 - 0,3 - 3 - 0,0.5,7 - 5 - 0,0.583,3 - 1 - 0,2L,3 - 2 - 0,2015
500,New York Jets,10,6,0,0.625,387,314,73,6 - 2 - 0,4 - 4 - 0,3 - 3 - 0,0.5,7 - 5 - 0,0.583,3 - 1 - 0,1L,4 - 1 - 0,2015
501,Pittsburgh Steelers,10,6,0,0.625,423,319,104,6 - 2 - 0,4 - 4 - 0,3 - 3 - 0,0.5,7 - 5 - 0,0.583,3 - 1 - 0,1W,4 - 1 - 0,2015
502,Seattle Seahawks,10,6,0,0.625,423,277,146,5 - 3 - 0,5 - 3 - 0,3 - 3 - 0,0.5,7 - 5 - 0,0.583,3 - 1 - 0,1W,4 - 1 - 0,2015
503,Kansas City Chiefs,11,5,0,0.688,405,287,118,6 - 2 - 0,5 - 3 - 0,5 - 1 - 0,0.833,10 - 2 - 0,0.833,1 - 3 - 0,10W,5 - 0 - 0,2015
504,Minnesota Vikings,11,5,0,0.688,365,302,63,6 - 2 - 0,5 - 3 - 0,5 - 1 - 0,0.833,8 - 4 - 0,0.667,3 - 1 - 0,3W,3 - 2 - 0,2015
505,Cincinnati Bengals,12,4,0,0.75,419,279,140,6 - 2 - 0,6 - 2 - 0,5 - 1 - 0,0.833,9 - 3 - 0,0.75,3 - 1 - 0,1W,3 - 2 - 0,2015
506,Denver Broncos,12,4,0,0.75,355,296,59,6 - 2 - 0,6 - 2 - 0,4 - 2 - 0,0.667,8 - 4 - 0,0.667,4 - 0 - 0,2W,3 - 2 - 0,2015
507,New England Patriots,12,4,0,0.75,465,315,150,7 - 1 - 0,5 - 3 - 0,4 - 2 - 0,0.667,9 - 3 - 0,0.75,3 - 1 - 0,2L,2 - 3 - 0,2015
508,Arizona Cardinals,13,3,0,0.813,489,313,176,6 - 2 - 0,7 - 1 - 0,4 - 2 - 0,0.667,10 - 2 - 0,0.833,3 - 1 - 0,1L,4 - 1 - 0,2015
509,Carolina Panthers,15,1,0,0.938,500,308,192,8 - 0 - 0,7 - 1 - 0,5 - 1 - 0,0.833,11 - 1 - 0,0.917,4 - 0 - 0,1W,4 - 1 - 0,2015
510,Cleveland Browns,1,15,0,0.063,264,452,-188,1 - 7 - 0,0 - 8 - 0,0 - 6 - 0,0,1 - 11 - 0,0.083,0 - 4 - 0,1L,1 - 4 - 0,2016
511,San Francisco 49ers,2,14,0,0.125,309,480,-171,1 - 7 - 0,1 - 7 - 0,2 - 4 - 0,0.333,2 - 10 - 0,0.167,0 - 4 - 0,1L,1 - 4 - 0,2016
512,Chicago Bears,3,13,0,0.188,279,399,-120,3 - 5 - 0,0 - 8 - 0,2 - 4 - 0,0.333,3 - 9 - 0,0.25,0 - 4 - 0,4L,1 - 4 - 0,2016
513,Jacksonville Jaguars,3,13,0,0.188,318,400,-82,2 - 6 - 0,1 - 7 - 0,2 - 4 - 0,0.333,2 - 10 - 0,0.167,1 - 3 - 0,1L,1 - 4 - 0,2016
514,Los Angeles Rams,4,12,0,0.25,224,394,-170,1 - 7 - 0,3 - 5 - 0,2 - 4 - 0,0.333,3 - 9 - 0,0.25,1 - 3 - 0,7L,0 - 5 - 0,2016
515,Los Angeles Chargers,5,11,0,0.313,410,423,-13,3 - 5 - 0,2 - 6 - 0,1 - 5 - 0,0.167,4 - 8 - 0,0.333,1 - 3 - 0,5L,0 - 5 - 0,2016
516,New York Jets,5,11,0,0.313,275,409,-134,2 - 6 - 0,3 - 5 - 0,2 - 4 - 0,0.333,4 - 8 - 0,0.333,1 - 3 - 0,1W,2 - 3 - 0,2016
517,Carolina Panthers,6,10,0,0.375,369,402,-33,4 - 4 - 0,2 - 6 - 0,1 - 5 - 0,0.167,5 - 7 - 0,0.417,1 - 3 - 0,2L,2 - 3 - 0,2016
518,Cincinnati Bengals,6,9,1,0.406,325,315,10,4 - 3 - 1,2 - 6 - 0,3 - 3 - 0,0.5,5 - 7 - 0,0.417,1 - 2 - 1,1W,3 - 2 - 0,2016
519,Arizona Cardinals,7,8,1,0.469,418,362,56,4 - 3 - 1,3 - 5 - 0,4 - 1 - 1,0.75,6 - 5 - 1,0.542,1 - 3 - 0,2W,3 - 2 - 0,2016
520,Buffalo Bills,7,9,0,0.438,399,378,21,4 - 4 - 0,3 - 5 - 0,1 - 5 - 0,0.167,4 - 8 - 0,0.333,3 - 1 - 0,2L,1 - 4 - 0,2016
521,New Orleans Saints,7,9,0,0.438,469,454,15,4 - 4 - 0,3 - 5 - 0,2 - 4 - 0,0.333,6 - 6 - 0,0.5,1 - 3 - 0,1L,2 - 3 - 0,2016
522,Philadelphia Eagles,7,9,0,0.438,367,331,36,6 - 2 - 0,1 - 7 - 0,2 - 4 - 0,0.333,5 - 7 - 0,0.417,2 - 2 - 0,2W,2 - 3 - 0,2016
523,Baltimore Ravens,8,8,0,0.5,343,321,22,6 - 2 - 0,2 - 6 - 0,4 - 2 - 0,0.667,7 - 5 - 0,0.583,1 - 3 - 0,2L,2 - 3 - 0,2016
524,Indianapolis Colts,8,8,0,0.5,411,392,19,4 - 4 - 0,4 - 4 - 0,3 - 3 - 0,0.5,5 - 7 - 0,0.417,3 - 1 - 0,1W,3 - 2 - 0,2016
525,Minnesota Vikings,8,8,0,0.5,327,307,20,5 - 3 - 0,3 - 5 - 0,2 - 4 - 0,0.333,5 - 7 - 0,0.417,3 - 1 - 0,1W,2 - 3 - 0,2016
526,Washington Commanders,8,7,1,0.531,396,383,13,4 - 4 - 0,4 - 3 - 1,3 - 3 - 0,0.5,6 - 6 - 0,0.5,2 - 1 - 1,1L,2 - 3 - 0,2016
527,Denver Broncos,9,7,0,0.563,333,297,36,5 - 3 - 0,4 - 4 - 0,2 - 4 - 0,0.333,6 - 6 - 0,0.5,3 - 1 - 0,1W,2 - 3 - 0,2016
528,Detroit Lions,9,7,0,0.563,346,358,-12,6 - 2 - 0,3 - 5 - 0,3 - 3 - 0,0.5,7 - 5 - 0,0.583,2 - 2 - 0,3L,2 - 3 - 0,2016
529,Houston Texans,9,7,0,0.563,279,328,-49,7 - 1 - 0,2 - 6 - 0,5 - 1 - 0,0.833,7 - 5 - 0,0.583,2 - 2 - 0,1L,3 - 2 - 0,2016
530,Tampa Bay Buccaneers,9,7,0,0.563,354,369,-15,4 - 4 - 0,5 - 3 - 0,4 - 2 - 0,0.667,7 - 5 - 0,0.583,2 - 2 - 0,1W,3 - 2 - 0,2016
531,Tennessee Titans,9,7,0,0.563,381,378,3,5 - 3 - 0,4 - 4 - 0,2 - 4 - 0,0.333,6 - 6 - 0,0.5,3 - 1 - 0,1W,4 - 1 - 0,2016
532,Green Bay Packers,10,6,0,0.625,432,388,44,6 - 2 - 0,4 - 4 - 0,5 - 1 - 0,0.833,8 - 4 - 0,0.667,2 - 2 - 0,6W,5 - 0 - 0,2016
533,Miami Dolphins,10,6,0,0.625,363,380,-17,6 - 2 - 0,4 - 4 - 0,4 - 2 - 0,0.667,7 - 5 - 0,0.583,3 - 1 - 0,1L,3 - 2 - 0,2016
534,Seattle Seahawks,10,5,1,0.656,354,292,62,7 - 1 - 0,3 - 4 - 1,3 - 2 - 1,0.583,6 - 5 - 1,0.542,4 - 0 - 0,1W,3 - 2 - 0,2016
535,Atlanta Falcons,11,5,0,0.688,540,406,134,5 - 3 - 0,6 - 2 - 0,5 - 1 - 0,0.833,9 - 3 - 0,0.75,2 - 2 - 0,4W,4 - 1 - 0,2016
536,New York Giants,11,5,0,0.688,310,284,26,7 - 1 - 0,4 - 4 - 0,4 - 2 - 0,0.667,8 - 4 - 0,0.667,3 - 1 - 0,1W,3 - 2 - 0,2016
537,Pittsburgh Steelers,11,5,0,0.688,399,327,72,6 - 2 - 0,5 - 3 - 0,5 - 1 - 0,0.833,9 - 3 - 0,0.75,2 - 2 - 0,7W,5 - 0 - 0,2016
538,Kansas City Chiefs,12,4,0,0.75,389,311,78,6 - 2 - 0,6 - 2 - 0,6 - 0 - 0,1,9 - 3 - 0,0.75,3 - 1 - 0,2W,4 - 1 - 0,2016
539,Las Vegas Raiders,12,4,0,0.75,416,385,31,6 - 2 - 0,6 - 2 - 0,3 - 3 - 0,0.5,9 - 3 - 0,0.75,3 - 1 - 0,1L,3 - 2 - 0,2016
540,Dallas Cowboys,13,3,0,0.813,421,306,115,7 - 1 - 0,6 - 2 - 0,3 - 3 - 0,0.5,9 - 3 - 0,0.75,4 - 0 - 0,1L,3 - 2 - 0,2016
541,New England Patriots,14,2,0,0.875,441,250,191,6 - 2 - 0,8 - 0 - 0,5 - 1 - 0,0.833,11 - 1 - 0,0.917,3 - 1 - 0,7W,5 - 0 - 0,2016
542,Cleveland Browns,0,16,0,0,234,410,-176,0 - 8 - 0,0 - 8 - 0,0 - 6 - 0,0,0 - 12 - 0,0,0 - 4 - 0,16L,0 - 5 - 0,2017
543,New York Giants,3,13,0,0.188,246,388,-142,2 - 6 - 0,1 - 7 - 0,1 - 5 - 0,0.167,1 - 11 - 0,0.083,2 - 2 - 0,1W,1 - 4 - 0,2017
544,Houston Texans,4,12,0,0.25,338,436,-98,3 - 5 - 0,1 - 7 - 0,1 - 5 - 0,0.167,3 - 9 - 0,0.25,1 - 3 - 0,6L,0 - 5 - 0,2017
545,Indianapolis Colts,4,12,0,0.25,263,404,-141,3 - 5 - 0,1 - 7 - 0,2 - 4 - 0,0.333,3 - 9 - 0,0.25,1 - 3 - 0,1W,1 - 4 - 0,2017
546,Chicago Bears,5,11,0,0.313,264,320,-56,3 - 5 - 0,2 - 6 - 0,0 - 6 - 0,0,1 - 11 - 0,0.083,4 - 0 - 0,1L,2 - 3 - 0,2017
547,Denver Broncos,5,11,0,0.313,289,382,-93,4 - 4 - 0,1 - 7 - 0,2 - 4 - 0,0.333,4 - 8 - 0,0.333,1 - 3 - 0,2L,2 - 3 - 0,2017
548,New York Jets,5,11,0,0.313,298,382,-84,4 - 4 - 0,1 - 7 - 0,2 - 4 - 0,0.333,5 - 7 - 0,0.417,0 - 4 - 0,4L,1 - 4 - 0,2017
549,Tampa Bay Buccaneers,5,11,0,0.313,335,382,-47,4 - 4 - 0,1 - 7 - 0,1 - 5 - 0,0.167,3 - 9 - 0,0.25,2 - 2 - 0,1W,1 - 4 - 0,2017
550,Las Vegas Raiders,6,10,0,0.375,301,373,-72,4 - 4 - 0,2 - 6 - 0,2 - 4 - 0,0.333,5 - 7 - 0,0.417,1 - 3 - 0,4L,1 - 4 - 0,2017
551,Miami Dolphins,6,10,0,0.375,281,393,-112,4 - 4 - 0,2 - 6 - 0,2 - 4 - 0,0.333,5 - 7 - 0,0.417,1 - 3 - 0,3L,2 - 3 - 0,2017
552,San Francisco 49ers,6,10,0,0.375,331,383,-52,3 - 5 - 0,3 - 5 - 0,1 - 5 - 0,0.167,3 - 9 - 0,0.25,3 - 1 - 0,5W,5 - 0 - 0,2017
553,Cincinnati Bengals,7,9,0,0.438,290,349,-59,4 - 4 - 0,3 - 5 - 0,3 - 3 - 0,0.5,6 - 6 - 0,0.5,1 - 3 - 0,2W,2 - 3 - 0,2017
554,Green Bay Packers,7,9,0,0.438,320,384,-64,4 - 4 - 0,3 - 5 - 0,2 - 4 - 0,0.333,5 - 7 - 0,0.417,2 - 2 - 0,3L,2 - 3 - 0,2017
555,Washington Commanders,7,9,0,0.438,342,388,-46,5 - 3 - 0,2 - 6 - 0,1 - 5 - 0,0.167,5 - 7 - 0,0.417,2 - 2 - 0,1L,2 - 3 - 0,2017
556,Arizona Cardinals,8,8,0,0.5,295,361,-66,5 - 3 - 0,3 - 5 - 0,3 - 3 - 0,0.5,5 - 7 - 0,0.417,3 - 1 - 0,2W,3 - 2 - 0,2017
557,Baltimore Ravens,9,7,0,0.563,395,303,92,5 - 3 - 0,4 - 4 - 0,3 - 3 - 0,0.5,7 - 5 - 0,0.583,2 - 2 - 0,1L,3 - 2 - 0,2017
558,Buffalo Bills,9,7,0,0.563,302,359,-57,6 - 2 - 0,3 - 5 - 0,3 - 3 - 0,0.5,7 - 5 - 0,0.583,2 - 2 - 0,1W,3 - 2 - 0,2017
559,Dallas Cowboys,9,7,0,0.563,354,332,22,3 - 5 - 0,6 - 2 - 0,5 - 1 - 0,0.833,7 - 5 - 0,0.583,2 - 2 - 0,1W,4 - 1 - 0,2017
560,Detroit Lions,9,7,0,0.563,410,376,34,4 - 4 - 0,5 - 3 - 0,5 - 1 - 0,0.833,8 - 4 - 0,0.667,1 - 3 - 0,1W,3 - 2 - 0,2017
561,Los Angeles Chargers,9,7,0,0.563,355,272,83,5 - 3 - 0,4 - 4 - 0,3 - 3 - 0,0.5,6 - 6 - 0,0.5,3 - 1 - 0,2W,4 - 1 - 0,2017
562,Seattle Seahawks,9,7,0,0.563,366,332,34,4 - 4 - 0,5 - 3 - 0,4 - 2 - 0,0.667,7 - 5 - 0,0.583,2 - 2 - 0,1L,2 - 3 - 0,2017
563,Tennessee Titans,9,7,0,0.563,334,356,-22,6 - 2 - 0,3 - 5 - 0,5 - 1 - 0,0.833,8 - 4 - 0,0.667,1 - 3 - 0,1W,2 - 3 - 0,2017
564,Atlanta Falcons,10,6,0,0.625,353,315,38,5 - 3 - 0,5 - 3 - 0,4 - 2 - 0,0.667,9 - 3 - 0,0.75,1 - 3 - 0,1W,3 - 2 - 0,2017
565,Jacksonville Jaguars,10,6,0,0.625,417,268,149,6 - 2 - 0,4 - 4 - 0,4 - 2 - 0,0.667,9 - 3 - 0,0.75,1 - 3 - 0,2L,3 - 2 - 0,2017
566,Kansas City Chiefs,10,6,0,0.625,415,339,76,6 - 2 - 0,4 - 4 - 0,5 - 1 - 0,0.833,8 - 4 - 0,0.667,2 - 2 - 0,4W,4 - 1 - 0,2017
567,Carolina Panthers,11,5,0,0.688,363,327,36,6 - 2 - 0,5 - 3 - 0,3 - 3 - 0,0.5,7 - 5 - 0,0.583,4 - 0 - 0,1L,3 - 2 - 0,2017
568,Los Angeles Rams,11,5,0,0.688,478,329,149,4 - 4 - 0,7 - 1 - 0,4 - 2 - 0,0.667,7 - 5 - 0,0.583,4 - 0 - 0,1L,3 - 2 - 0,2017
569,New Orleans Saints,11,5,0,0.688,448,326,122,7 - 1 - 0,4 - 4 - 0,4 - 2 - 0,0.667,8 - 4 - 0,0.667,3 - 1 - 0,1L,3 - 2 - 0,2017
570,Minnesota Vikings,13,3,0,0.813,382,252,130,7 - 1 - 0,6 - 2 - 0,5 - 1 - 0,0.833,10 - 2 - 0,0.833,3 - 1 - 0,3W,4 - 1 - 0,2017
571,New England Patriots,13,3,0,0.813,458,296,162,6 - 2 - 0,7 - 1 - 0,5 - 1 - 0,0.833,10 - 2 - 0,0.833,3 - 1 - 0,3W,4 - 1 - 0,2017
572,Philadelphia Eagles,13,3,0,0.813,457,295,162,7 - 1 - 0,6 - 2 - 0,5 - 1 - 0,0.833,10 - 2 - 0,0.833,3 - 1 - 0,1L,3 - 2 - 0,2017
573,Pittsburgh Steelers,13,3,0,0.813,406,308,98,6 - 2 - 0,7 - 1 - 0,6 - 0 - 0,1,10 - 2 - 0,0.833,3 - 1 - 0,2W,4 - 1 - 0,2017
574,Arizona Cardinals,3,13,0,0.188,225,425,-200,1 - 7 - 0,2 - 6 - 0,2 - 4 - 0,0.333,3 - 9 - 0,0.25,0 - 4 - 0,4L,1 - 4 - 0,2018
575,Las Vegas Raiders,4,12,0,0.25,290,467,-177,3 - 5 - 0,1 - 7 - 0,1 - 5 - 0,0.167,3 - 9 - 0,0.25,1 - 3 - 0,1L,2 - 3 - 0,2018
576,New York Jets,4,12,0,0.25,333,441,-108,2 - 6 - 0,2 - 6 - 0,1 - 5 - 0,0.167,3 - 9 - 0,0.25,1 - 3 - 0,3L,1 - 4 - 0,2018
577,San Francisco 49ers,4,12,0,0.25,342,435,-93,4 - 4 - 0,0 - 8 - 0,1 - 5 - 0,0.167,2 - 10 - 0,0.167,2 - 2 - 0,2L,2 - 3 - 0,2018
578,Jacksonville Jaguars,5,11,0,0.313,245,316,-71,3 - 5 - 0,2 - 6 - 0,1 - 5 - 0,0.167,4 - 8 - 0,0.333,1 - 3 - 0,1L,2 - 3 - 0,2018
579,New York Giants,5,11,0,0.313,369,412,-43,2 - 6 - 0,3 - 5 - 0,1 - 5 - 0,0.167,4 - 8 - 0,0.333,1 - 3 - 0,3L,2 - 3 - 0,2018
580,Tampa Bay Buccaneers,5,11,0,0.313,396,464,-68,4 - 4 - 0,1 - 7 - 0,2 - 4 - 0,0.333,4 - 8 - 0,0.333,1 - 3 - 0,4L,1 - 4 - 0,2018
581,Buffalo Bills,6,10,0,0.375,269,374,-105,4 - 4 - 0,2 - 6 - 0,2 - 4 - 0,0.333,4 - 8 - 0,0.333,2 - 2 - 0,1W,2 - 3 - 0,2018
582,Cincinnati Bengals,6,10,0,0.375,368,455,-87,4 - 4 - 0,2 - 6 - 0,1 - 5 - 0,0.167,4 - 8 - 0,0.333,2 - 2 - 0,2L,1 - 4 - 0,2018
583,Denver Broncos,6,10,0,0.375,329,349,-20,3 - 5 - 0,3 - 5 - 0,2 - 4 - 0,0.333,4 - 8 - 0,0.333,2 - 2 - 0,4L,1 - 4 - 0,2018
584,Detroit Lions,6,10,0,0.375,324,360,-36,3 - 5 - 0,3 - 5 - 0,2 - 4 - 0,0.333,4 - 8 - 0,0.333,2 - 2 - 0,1W,2 - 3 - 0,2018
585,Green Bay Packers,6,9,1,0.406,376,400,-24,5 - 2 - 1,1 - 7 - 0,1 - 4 - 1,0.25,3 - 8 - 1,0.292,3 - 1 - 0,1L,2 - 3 - 0,2018
586,Atlanta Falcons,7,9,0,0.438,414,423,-9,4 - 4 - 0,3 - 5 - 0,4 - 2 - 0,0.667,7 - 5 - 0,0.583,0 - 4 - 0,3W,3 - 2 - 0,2018
587,Carolina Panthers,7,9,0,0.438,376,382,-6,5 - 3 - 0,2 - 6 - 0,2 - 4 - 0,0.333,5 - 7 - 0,0.417,2 - 2 - 0,1W,1 - 4 - 0,2018
588,Cleveland Browns,7,8,1,0.469,359,392,-33,5 - 2 - 1,2 - 6 - 0,3 - 2 - 1,0.583,5 - 6 - 1,0.458,2 - 2 - 0,1L,3 - 2 - 0,2018
589,Miami Dolphins,7,9,0,0.438,319,433,-114,6 - 2 - 0,1 - 7 - 0,4 - 2 - 0,0.667,6 - 6 - 0,0.5,1 - 3 - 0,3L,2 - 3 - 0,2018
590,Washington Commanders,7,9,0,0.438,281,359,-78,3 - 5 - 0,4 - 4 - 0,2 - 4 - 0,0.333,6 - 6 - 0,0.5,1 - 3 - 0,2L,1 - 4 - 0,2018
591,Minnesota Vikings,8,7,1,0.531,360,341,19,5 - 3 - 0,3 - 4 - 1,3 - 2 - 1,0.583,6 - 5 - 1,0.542,2 - 2 - 0,1L,2 - 3 - 0,2018
592,Philadelphia Eagles,9,7,0,0.563,367,348,19,5 - 3 - 0,4 - 4 - 0,4 - 2 - 0,0.667,6 - 6 - 0,0.5,3 - 1 - 0,3W,4 - 1 - 0,2018
593,Pittsburgh Steelers,9,6,1,0.594,428,360,68,5 - 3 - 0,4 - 3 - 1,4 - 1 - 1,0.75,6 - 5 - 1,0.542,3 - 1 - 0,1W,2 - 3 - 0,2018
594,Tennessee Titans,9,7,0,0.563,310,303,7,6 - 2 - 0,3 - 5 - 0,3 - 3 - 0,0.5,5 - 7 - 0,0.417,4 - 0 - 0,1L,4 - 1 - 0,2018
595,Baltimore Ravens,10,6,0,0.625,389,287,102,6 - 2 - 0,4 - 4 - 0,3 - 3 - 0,0.5,8 - 4 - 0,0.667,2 - 2 - 0,3W,4 - 1 - 0,2018
596,Dallas Cowboys,10,6,0,0.625,339,324,15,7 - 1 - 0,3 - 5 - 0,5 - 1 - 0,0.833,9 - 3 - 0,0.75,1 - 3 - 0,2W,4 - 1 - 0,2018
597,Indianapolis Colts,10,6,0,0.625,433,344,89,6 - 2 - 0,4 - 4 - 0,4 - 2 - 0,0.667,7 - 5 - 0,0.583,3 - 1 - 0,4W,4 - 1 - 0,2018
598,Seattle Seahawks,10,6,0,0.625,428,347,81,6 - 2 - 0,4 - 4 - 0,3 - 3 - 0,0.5,8 - 4 - 0,0.667,2 - 2 - 0,2W,4 - 1 - 0,2018
599,Houston Texans,11,5,0,0.688,402,316,86,6 - 2 - 0,5 - 3 - 0,4 - 2 - 0,0.667,9 - 3 - 0,0.75,2 - 2 - 0,1W,3 - 2 - 0,2018
600,New England Patriots,11,5,0,0.688,436,325,111,8 - 0 - 0,3 - 5 - 0,5 - 1 - 0,0.833,8 - 4 - 0,0.667,3 - 1 - 0,2W,3 - 2 - 0,2018
601,Chicago Bears,12,4,0,0.75,421,283,138,7 - 1 - 0,5 - 3 - 0,5 - 1 - 0,0.833,10 - 2 - 0,0.833,2 - 2 - 0,4W,4 - 1 - 0,2018
602,Kansas City Chiefs,12,4,0,0.75,565,421,144,7 - 1 - 0,5 - 3 - 0,5 - 1 - 0,0.833,10 - 2 - 0,0.833,2 - 2 - 0,1W,3 - 2 - 0,2018
603,Los Angeles Chargers,12,4,0,0.75,428,329,99,5 - 3 - 0,7 - 1 - 0,4 - 2 - 0,0.667,9 - 3 - 0,0.75,3 - 1 - 0,1W,4 - 1 - 0,2018
604,Los Angeles Rams,13,3,0,0.813,527,384,143,7 - 1 - 0,6 - 2 - 0,6 - 0 - 0,1,9 - 3 - 0,0.75,4 - 0 - 0,2W,3 - 2 - 0,2018
605,New Orleans Saints,13,3,0,0.813,504,353,151,6 - 2 - 0,7 - 1 - 0,4 - 2 - 0,0.667,9 - 3 - 0,0.75,4 - 0 - 0,1L,3 - 2 - 0,2018
606,Cincinnati Bengals,2,14,0,0.125,279,420,-141,2 - 6 - 0,0 - 8 - 0,1 - 5 - 0,0.167,2 - 10 - 0,0.167,0 - 4 - 0,1W,2 - 3 - 0,2019
607,Detroit Lions,3,12,1,0.219,341,423,-82,2 - 6 - 0,1 - 6 - 1,0 - 6 - 0,0,2 - 9 - 1,0.208,1 - 3 - 0,9L,0 - 5 - 0,2019
608,Washington Commanders,3,13,0,0.188,266,435,-169,1 - 7 - 0,2 - 6 - 0,0 - 6 - 0,0,2 - 10 - 0,0.167,1 - 3 - 0,4L,1 - 4 - 0,2019
609,New York Giants,4,12,0,0.25,341,451,-110,2 - 6 - 0,2 - 6 - 0,2 - 4 - 0,0.333,3 - 9 - 0,0.25,1 - 3 - 0,1L,2 - 3 - 0,2019
610,Arizona Cardinals,5,10,1,0.344,361,442,-81,2 - 5 - 1,3 - 5 - 0,1 - 5 - 0,0.167,3 - 8 - 1,0.292,2 - 2 - 0,1L,2 - 3 - 0,2019
611,Carolina Panthers,5,11,0,0.313,340,470,-130,2 - 6 - 0,3 - 5 - 0,1 - 5 - 0,0.167,2 - 10 - 0,0.167,3 - 1 - 0,8L,0 - 5 - 0,2019
612,Los Angeles Chargers,5,11,0,0.313,337,345,-8,2 - 6 - 0,3 - 5 - 0,0 - 6 - 0,0,3 - 9 - 0,0.25,2 - 2 - 0,3L,1 - 4 - 0,2019
613,Miami Dolphins,5,11,0,0.313,306,494,-188,3 - 5 - 0,2 - 6 - 0,2 - 4 - 0,0.333,4 - 8 - 0,0.333,1 - 3 - 0,2W,3 - 2 - 0,2019
614,Cleveland Browns,6,10,0,0.375,335,393,-58,4 - 4 - 0,2 - 6 - 0,3 - 3 - 0,0.5,6 - 6 - 0,0.5,0 - 4 - 0,3L,1 - 4 - 0,2019
615,Jacksonville Jaguars,6,10,0,0.375,300,397,-97,3 - 5 - 0,3 - 5 - 0,2 - 4 - 0,0.333,6 - 6 - 0,0.5,0 - 4 - 0,1W,2 - 3 - 0,2019
616,Atlanta Falcons,7,9,0,0.438,381,399,-18,3 - 5 - 0,4 - 4 - 0,4 - 2 - 0,0.667,6 - 6 - 0,0.5,1 - 3 - 0,4W,4 - 1 - 0,2019
617,Denver Broncos,7,9,0,0.438,282,316,-34,5 - 3 - 0,2 - 6 - 0,3 - 3 - 0,0.5,6 - 6 - 0,0.5,1 - 3 - 0,2W,4 - 1 - 0,2019
618,Indianapolis Colts,7,9,0,0.438,361,373,-12,5 - 3 - 0,2 - 6 - 0,3 - 3 - 0,0.5,5 - 7 - 0,0.417,2 - 2 - 0,1L,1 - 4 - 0,2019
619,Las Vegas Raiders,7,9,0,0.438,313,419,-106,5 - 3 - 0,2 - 6 - 0,3 - 3 - 0,0.5,5 - 7 - 0,0.417,2 - 2 - 0,1L,1 - 4 - 0,2019
620,New York Jets,7,9,0,0.438,276,359,-83,5 - 3 - 0,2 - 6 - 0,2 - 4 - 0,0.333,4 - 8 - 0,0.333,3 - 1 - 0,2W,3 - 2 - 0,2019
621,Tampa Bay Buccaneers,7,9,0,0.438,458,449,9,2 - 6 - 0,5 - 3 - 0,2 - 4 - 0,0.333,5 - 7 - 0,0.417,2 - 2 - 0,2L,3 - 2 - 0,2019
622,Chicago Bears,8,8,0,0.5,280,298,-18,4 - 4 - 0,4 - 4 - 0,4 - 2 - 0,0.667,7 - 5 - 0,0.583,1 - 3 - 0,1W,3 - 2 - 0,2019
623,Dallas Cowboys,8,8,0,0.5,434,321,113,5 - 3 - 0,3 - 5 - 0,5 - 1 - 0,0.833,7 - 5 - 0,0.583,1 - 3 - 0,1W,2 - 3 - 0,2019
624,Pittsburgh Steelers,8,8,0,0.5,289,303,-14,5 - 3 - 0,3 - 5 - 0,3 - 3 - 0,0.5,6 - 6 - 0,0.5,2 - 2 - 0,3L,2 - 3 - 0,2019
625,Los Angeles Rams,9,7,0,0.563,394,364,30,5 - 3 - 0,4 - 4 - 0,3 - 3 - 0,0.5,7 - 5 - 0,0.583,2 - 2 - 0,1W,3 - 2 - 0,2019
626,Philadelphia Eagles,9,7,0,0.563,385,354,31,5 - 3 - 0,4 - 4 - 0,5 - 1 - 0,0.833,7 - 5 - 0,0.583,2 - 2 - 0,4W,4 - 1 - 0,2019
627,Tennessee Titans,9,7,0,0.563,402,331,71,4 - 4 - 0,5 - 3 - 0,3 - 3 - 0,0.5,7 - 5 - 0,0.583,2 - 2 - 0,1W,3 - 2 - 0,2019
628,Buffalo Bills,10,6,0,0.625,314,259,55,4 - 4 - 0,6 - 2 - 0,3 - 3 - 0,0.5,7 - 5 - 0,0.583,3 - 1 - 0,2L,2 - 3 - 0,2019
629,Houston Texans,10,6,0,0.625,378,385,-7,5 - 3 - 0,5 - 3 - 0,4 - 2 - 0,0.667,8 - 4 - 0,0.667,2 - 2 - 0,1L,3 - 2 - 0,2019
630,Minnesota Vikings,10,6,0,0.625,407,303,104,6 - 2 - 0,4 - 4 - 0,2 - 4 - 0,0.333,7 - 5 - 0,0.583,3 - 1 - 0,2L,2 - 3 - 0,2019
631,Seattle Seahawks,11,5,0,0.688,405,398,7,4 - 4 - 0,7 - 1 - 0,3 - 3 - 0,0.5,8 - 4 - 0,0.667,3 - 1 - 0,2L,2 - 3 - 0,2019
632,Kansas City Chiefs,12,4,0,0.75,451,308,143,5 - 3 - 0,7 - 1 - 0,6 - 0 - 0,1,9 - 3 - 0,0.75,3 - 1 - 0,6W,5 - 0 - 0,2019
633,New England Patriots,12,4,0,0.75,420,225,195,6 - 2 - 0,6 - 2 - 0,5 - 1 - 0,0.833,8 - 4 - 0,0.667,4 - 0 - 0,1L,2 - 3 - 0,2019
634,Green Bay Packers,13,3,0,0.813,376,313,63,7 - 1 - 0,6 - 2 - 0,6 - 0 - 0,1,10 - 2 - 0,0.833,3 - 1 - 0,5W,5 - 0 - 0,2019
635,New Orleans Saints,13,3,0,0.813,458,341,117,6 - 2 - 0,7 - 1 - 0,5 - 1 - 0,0.833,9 - 3 - 0,0.75,4 - 0 - 0,3W,4 - 1 - 0,2019
636,San Francisco 49ers,13,3,0,0.813,479,310,169,6 - 2 - 0,7 - 1 - 0,5 - 1 - 0,0.833,10 - 2 - 0,0.833,3 - 1 - 0,2W,3 - 2 - 0,2019
637,Baltimore Ravens,14,2,0,0.875,531,282,249,7 - 1 - 0,7 - 1 - 0,5 - 1 - 0,0.833,10 - 2 - 0,0.833,4 - 0 - 0,12W,5 - 0 - 0,2019
638,Jacksonville Jaguars,1,15,0,0.063,306,492,-186,1 - 7 - 0,0 - 8 - 0,1 - 5 - 0,0.167,1 - 11 - 0,0.083,0 - 4 - 0,15L,0 - 5 - 0,2020
639,New York Jets,2,14,0,0.125,243,457,-214,1 - 7 - 0,1 - 7 - 0,0 - 6 - 0,0,1 - 11 - 0,0.083,1 - 3 - 0,1L,2 - 3 - 0,2020
640,Atlanta Falcons,4,12,0,0.25,396,414,-18,2 - 6 - 0,2 - 6 - 0,1 - 5 - 0,0.167,2 - 10 - 0,0.167,2 - 2 - 0,5L,0 - 5 - 0,2020
641,Cincinnati Bengals,4,11,1,0.281,311,424,-113,3 - 5 - 0,1 - 6 - 1,1 - 5 - 0,0.167,4 - 8 - 0,0.333,0 - 3 - 1,1L,2 - 3 - 0,2020
642,Houston Texans,4,12,0,0.25,384,464,-80,2 - 6 - 0,2 - 6 - 0,2 - 4 - 0,0.333,3 - 9 - 0,0.25,1 - 3 - 0,5L,0 - 5 - 0,2020
643,Philadelphia Eagles,4,11,1,0.281,334,418,-84,3 - 4 - 1,1 - 7 - 0,2 - 4 - 0,0.333,4 - 8 - 0,0.333,0 - 3 - 1,3L,1 - 4 - 0,2020
644,Carolina Panthers,5,11,0,0.313,350,402,-52,2 - 6 - 0,3 - 5 - 0,1 - 5 - 0,0.167,4 - 8 - 0,0.333,1 - 3 - 0,1L,1 - 4 - 0,2020
645,Denver Broncos,5,11,0,0.313,323,446,-123,2 - 6 - 0,3 - 5 - 0,1 - 5 - 0,0.167,4 - 8 - 0,0.333,1 - 3 - 0,3L,1 - 4 - 0,2020
646,Detroit Lions,5,11,0,0.313,377,519,-142,1 - 7 - 0,4 - 4 - 0,1 - 5 - 0,0.167,4 - 8 - 0,0.333,1 - 3 - 0,4L,1 - 4 - 0,2020
647,Dallas Cowboys,6,10,0,0.375,395,473,-78,4 - 4 - 0,2 - 6 - 0,2 - 4 - 0,0.333,5 - 7 - 0,0.417,1 - 3 - 0,1L,3 - 2 - 0,2020
648,New York Giants,6,10,0,0.375,280,357,-77,3 - 5 - 0,3 - 5 - 0,4 - 2 - 0,0.667,5 - 7 - 0,0.417,1 - 3 - 0,1W,2 - 3 - 0,2020
649,San Francisco 49ers,6,10,0,0.375,376,390,-14,1 - 7 - 0,5 - 3 - 0,3 - 3 - 0,0.5,4 - 8 - 0,0.333,2 - 2 - 0,1L,1 - 4 - 0,2020
650,Los Angeles Chargers,7,9,0,0.438,384,426,-42,4 - 4 - 0,3 - 5 - 0,3 - 3 - 0,0.5,6 - 6 - 0,0.5,1 - 3 - 0,4W,4 - 1 - 0,2020
651,Minnesota Vikings,7,9,0,0.438,430,475,-45,3 - 5 - 0,4 - 4 - 0,4 - 2 - 0,0.667,5 - 7 - 0,0.417,2 - 2 - 0,1W,2 - 3 - 0,2020
652,New England Patriots,7,9,0,0.438,326,353,-27,5 - 3 - 0,2 - 6 - 0,3 - 3 - 0,0.5,6 - 6 - 0,0.5,1 - 3 - 0,1W,2 - 3 - 0,2020
653,Washington Commanders,7,9,0,0.438,335,329,6,3 - 5 - 0,4 - 4 - 0,4 - 2 - 0,0.667,5 - 7 - 0,0.417,2 - 2 - 0,1W,3 - 2 - 0,2020
654,Arizona Cardinals,8,8,0,0.5,410,367,43,4 - 4 - 0,4 - 4 - 0,2 - 4 - 0,0.333,6 - 6 - 0,0.5,2 - 2 - 0,2L,2 - 3 - 0,2020
655,Chicago Bears,8,8,0,0.5,372,370,2,3 - 5 - 0,5 - 3 - 0,2 - 4 - 0,0.333,6 - 6 - 0,0.5,2 - 2 - 0,1L,3 - 2 - 0,2020
656,Las Vegas Raiders,8,8,0,0.5,434,478,-44,2 - 6 - 0,6 - 2 - 0,4 - 2 - 0,0.667,6 - 6 - 0,0.5,2 - 2 - 0,1W,2 - 3 - 0,2020
657,Los Angeles Rams,10,6,0,0.625,372,296,76,6 - 2 - 0,4 - 4 - 0,3 - 3 - 0,0.5,9 - 3 - 0,0.75,1 - 3 - 0,1W,3 - 2 - 0,2020
658,Miami Dolphins,10,6,0,0.625,404,338,66,5 - 3 - 0,5 - 3 - 0,3 - 3 - 0,0.5,7 - 5 - 0,0.583,3 - 1 - 0,1L,3 - 2 - 0,2020
659,Baltimore Ravens,11,5,0,0.688,468,303,165,5 - 3 - 0,6 - 2 - 0,4 - 2 - 0,0.667,7 - 5 - 0,0.583,4 - 0 - 0,5W,5 - 0 - 0,2020
660,Cleveland Browns,11,5,0,0.688,408,419,-11,6 - 2 - 0,5 - 3 - 0,3 - 3 - 0,0.5,7 - 5 - 0,0.583,4 - 0 - 0,1W,3 - 2 - 0,2020
661,Indianapolis Colts,11,5,0,0.688,451,362,89,6 - 2 - 0,5 - 3 - 0,4 - 2 - 0,0.667,7 - 5 - 0,0.583,4 - 0 - 0,1W,4 - 1 - 0,2020
662,Tampa Bay Buccaneers,11,5,0,0.688,492,355,137,5 - 3 - 0,6 - 2 - 0,4 - 2 - 0,0.667,8 - 4 - 0,0.667,3 - 1 - 0,4W,4 - 1 - 0,2020
663,Tennessee Titans,11,5,0,0.688,491,439,52,5 - 3 - 0,6 - 2 - 0,5 - 1 - 0,0.833,8 - 4 - 0,0.667,3 - 1 - 0,1W,3 - 2 - 0,2020
664,New Orleans Saints,12,4,0,0.75,482,337,145,6 - 2 - 0,6 - 2 - 0,6 - 0 - 0,1,10 - 2 - 0,0.833,2 - 2 - 0,2W,3 - 2 - 0,2020
665,Pittsburgh Steelers,12,4,0,0.75,416,312,104,7 - 1 - 0,5 - 3 - 0,4 - 2 - 0,0.667,9 - 3 - 0,0.75,3 - 1 - 0,1L,1 - 4 - 0,2020
666,Seattle Seahawks,12,4,0,0.75,459,371,88,7 - 1 - 0,5 - 3 - 0,4 - 2 - 0,0.667,9 - 3 - 0,0.75,3 - 1 - 0,4W,4 - 1 - 0,2020
667,Buffalo Bills,13,3,0,0.813,501,375,126,7 - 1 - 0,6 - 2 - 0,6 - 0 - 0,1,10 - 2 - 0,0.833,3 - 1 - 0,6W,5 - 0 - 0,2020
668,Green Bay Packers,13,3,0,0.813,509,369,140,7 - 1 - 0,6 - 2 - 0,5 - 1 - 0,0.833,10 - 2 - 0,0.833,3 - 1 - 0,6W,5 - 0 - 0,2020
669,Kansas City Chiefs,14,2,0,0.875,473,362,111,6 - 2 - 0,8 - 0 - 0,4 - 2 - 0,0.667,10 - 2 - 0,0.833,4 - 0 - 0,1L,4 - 1 - 0,2020
670,Detroit Lions,3,13,1,0.206,325,467,-142,3 - 5 - 0,0 - 8 - 1,2 - 4 - 0,0.333,3 - 9 - 0,0.25,0 - 4 - 1,1W,2 - 3 - 0,2021
671,Jacksonville Jaguars,3,14,0,0.176,253,457,-204,3 - 6 - 0,0 - 8 - 0,1 - 5 - 0,0.167,3 - 9 - 0,0.25,0 - 5 - 0,1W,1 - 4 - 0,2021
672,Houston Texans,4,13,0,0.235,280,452,-172,2 - 7 - 0,2 - 6 - 0,3 - 3 - 0,0.5,4 - 8 - 0,0.333,0 - 5 - 0,2L,2 - 3 - 0,2021
673,New York Giants,4,13,0,0.235,258,416,-158,3 - 5 - 0,1 - 8 - 0,1 - 5 - 0,0.167,3 - 9 - 0,0.25,1 - 4 - 0,6L,0 - 5 - 0,2021
674,New York Jets,4,13,0,0.235,310,504,-194,3 - 6 - 0,1 - 7 - 0,0 - 6 - 0,0,4 - 8 - 0,0.333,0 - 5 - 0,2L,1 - 4 - 0,2021
675,Carolina Panthers,5,12,0,0.294,304,404,-100,2 - 6 - 0,3 - 6 - 0,2 - 4 - 0,0.333,3 - 9 - 0,0.25,2 - 3 - 0,7L,0 - 5 - 0,2021
676,Chicago Bears,6,11,0,0.353,311,407,-96,3 - 5 - 0,3 - 6 - 0,2 - 4 - 0,0.333,4 - 8 - 0,0.333,2 - 3 - 0,1L,2 - 3 - 0,2021
677,Atlanta Falcons,7,10,0,0.412,313,459,-146,2 - 6 - 0,5 - 4 - 0,2 - 4 - 0,0.333,4 - 8 - 0,0.333,3 - 2 - 0,2L,2 - 3 - 0,2021
678,Denver Broncos,7,10,0,0.412,335,322,13,4 - 5 - 0,3 - 5 - 0,1 - 5 - 0,0.167,3 - 9 - 0,0.25,4 - 1 - 0,4L,1 - 4 - 0,2021
679,Seattle Seahawks,7,10,0,0.412,395,366,29,3 - 5 - 0,4 - 5 - 0,3 - 3 - 0,0.5,4 - 8 - 0,0.333,3 - 2 - 0,2W,3 - 2 - 0,2021
680,Washington Commanders,7,10,0,0.412,335,434,-99,3 - 5 - 0,4 - 5 - 0,2 - 4 - 0,0.333,6 - 6 - 0,0.5,1 - 4 - 0,1W,1 - 4 - 0,2021
681,Baltimore Ravens,8,9,0,0.471,387,392,-5,5 - 4 - 0,3 - 5 - 0,1 - 5 - 0,0.167,5 - 7 - 0,0.417,3 - 2 - 0,6L,0 - 5 - 0,2021
682,Cleveland Browns,8,9,0,0.471,349,371,-22,6 - 3 - 0,2 - 6 - 0,3 - 3 - 0,0.5,5 - 7 - 0,0.417,3 - 2 - 0,1W,2 - 3 - 0,2021
683,Minnesota Vikings,8,9,0,0.471,425,426,-1,5 - 3 - 0,3 - 6 - 0,4 - 2 - 0,0.667,6 - 6 - 0,0.5,2 - 3 - 0,1W,3 - 2 - 0,2021
684,Indianapolis Colts,9,8,0,0.529,451,365,86,4 - 5 - 0,5 - 3 - 0,3 - 3 - 0,0.5,7 - 5 - 0,0.583,2 - 3 - 0,2L,3 - 2 - 0,2021
685,Los Angeles Chargers,9,8,0,0.529,474,459,15,5 - 4 - 0,4 - 4 - 0,3 - 3 - 0,0.5,6 - 6 - 0,0.5,3 - 2 - 0,1L,2 - 3 - 0,2021
686,Miami Dolphins,9,8,0,0.529,341,373,-32,6 - 3 - 0,3 - 5 - 0,4 - 2 - 0,0.667,6 - 6 - 0,0.5,3 - 2 - 0,1W,4 - 1 - 0,2021
687,New Orleans Saints,9,8,0,0.529,364,335,29,3 - 5 - 0,6 - 3 - 0,4 - 2 - 0,0.667,7 - 5 - 0,0.583,2 - 3 - 0,2W,4 - 1 - 0,2021
688,Philadelphia Eagles,9,8,0,0.529,444,385,59,3 - 5 - 0,6 - 3 - 0,3 - 3 - 0,0.5,7 - 5 - 0,0.583,2 - 3 - 0,1L,4 - 1 - 0,2021
689,Pittsburgh Steelers,9,7,1,0.559,343,398,-55,6 - 2 - 1,3 - 5 - 0,4 - 2 - 0,0.667,7 - 5 - 0,0.583,2 - 2 - 1,2W,3 - 2 - 0,2021
690,Cincinnati Bengals,10,7,0,0.588,460,376,84,5 - 4 - 0,5 - 3 - 0,4 - 2 - 0,0.667,8 - 4 - 0,0.667,2 - 3 - 0,1L,3 - 2 - 0,2021
691,Las Vegas Raiders,10,7,0,0.588,374,439,-65,5 - 4 - 0,5 - 3 - 0,3 - 3 - 0,0.5,8 - 4 - 0,0.667,2 - 3 - 0,4W,4 - 1 - 0,2021
692,New England Patriots,10,7,0,0.588,462,303,159,4 - 5 - 0,6 - 2 - 0,3 - 3 - 0,0.5,8 - 4 - 0,0.667,2 - 3 - 0,1L,2 - 3 - 0,2021
693,San Francisco 49ers,10,7,0,0.588,427,365,62,4 - 4 - 0,6 - 3 - 0,2 - 4 - 0,0.333,7 - 5 - 0,0.583,3 - 2 - 0,2W,4 - 1 - 0,2021
694,Arizona Cardinals,11,6,0,0.647,449,366,83,3 - 5 - 0,8 - 1 - 0,4 - 2 - 0,0.667,7 - 5 - 0,0.583,4 - 1 - 0,1L,1 - 4 - 0,2021
695,Buffalo Bills,11,6,0,0.647,483,289,194,6 - 3 - 0,5 - 3 - 0,5 - 1 - 0,0.833,7 - 5 - 0,0.583,4 - 1 - 0,4W,4 - 1 - 0,2021
696,Dallas Cowboys,12,5,0,0.706,530,358,172,5 - 3 - 0,7 - 2 - 0,6 - 0 - 0,1,10 - 2 - 0,0.833,2 - 3 - 0,1W,4 - 1 - 0,2021
697,Kansas City Chiefs,12,5,0,0.706,480,364,116,7 - 2 - 0,5 - 3 - 0,5 - 1 - 0,0.833,7 - 5 - 0,0.583,5 - 0 - 0,1W,4 - 1 - 0,2021
698,Los Angeles Rams,12,5,0,0.706,460,372,88,5 - 3 - 0,7 - 2 - 0,3 - 3 - 0,0.5,8 - 4 - 0,0.667,4 - 1 - 0,1L,4 - 1 - 0,2021
699,Tennessee Titans,12,5,0,0.706,419,354,65,7 - 2 - 0,5 - 3 - 0,5 - 1 - 0,0.833,8 - 4 - 0,0.667,4 - 1 - 0,3W,4 - 1 - 0,2021
700,Green Bay Packers,13,4,0,0.765,450,371,79,8 - 0 - 0,5 - 4 - 0,4 - 2 - 0,0.667,9 - 3 - 0,0.75,4 - 1 - 0,1L,4 - 1 - 0,2021
701,Tampa Bay Buccaneers,13,4,0,0.765,511,353,158,7 - 1 - 0,6 - 3 - 0,4 - 2 - 0,0.667,8 - 4 - 0,0.667,5 - 0 - 0,3W,4 - 1 - 0,2021